city,datetime,temperature,wind_speed,precipitation,ingestion_ts
amsterdam,2026-03-23 00:00:00,8.2,6.1,0.0,2026-03-23 15:09:28.211655
amsterdam,2026-03-23 01:00:00,5.1,4.7,0.0,2026-03-23 15:09:28.211655
amsterdam,2026-03-23 02:00:00,5.5,8.3,0.0,2026-03-23 15:09:28.211655
amsterdam,2026-03-23 03:00:00,9.1,7.2,0.0,2026-03-23 15:09:28.211655
amsterdam,2026-03-23 04:00:00,6.6,7.2,0.0,2026-03-23 15:09:28.211655
amsterdam,2026-03-23 05:00:00,6.5,5.0,0.0,2026-03-23 15:09:28.211655
amsterdam,2026-03-23 06:00:00,7.3,5.8,0.0,2026-03-23 15:09:28.211655
amsterdam,2026-03-23 07:00:00,5.4,11.9,0.0,2026-03-23 15:09:28.211655
amsterdam,2026-03-23 08:00:00,6.0,7.9,0.0,2026-03-23 15:09:28.211655
amsterdam,2026-03-23 09:00:00,9.4,9.0,0.0,2026-03-23 15:09:28.211655
amsterdam,2026-03-23 10:00:00,9.4,6.1,0.0,2026-03-23 15:09:28.211655
amsterdam,2026-03-23 11:00:00,12.0,2.9,0.0,2026-03-23 15:09:28.211655
amsterdam,2026-03-23 12:00:00,12.6,1.4,0.0,2026-03-23 15:09:28.211655
amsterdam,2026-03-23 13:00:00,13.9,5.8,0.0,2026-03-23 15:09:28.211655
amsterdam,2026-03-23 14:00:00,14.7,3.2,0.0,2026-03-23 15:09:28.211655
amsterdam,2026-03-23 15:00:00,14.5,12.2,0.0,2026-03-23 15:09:28.211655
amsterdam,2026-03-23 16:00:00,13.0,12.2,0.0,2026-03-23 15:09:28.211655
amsterdam,2026-03-23 17:00:00,11.4,10.8,0.0,2026-03-23 15:09:28.211655
amsterdam,2026-03-23 18:00:00,10.2,9.7,0.0,2026-03-23 15:09:28.211655
amsterdam,2026-03-23 19:00:00,9.7,8.3,0.0,2026-03-23 15:09:28.211655
amsterdam,2026-03-23 20:00:00,9.7,8.3,0.0,2026-03-23 15:09:28.211655
amsterdam,2026-03-23 21:00:00,9.6,9.0,0.0,2026-03-23 15:09:28.211655
amsterdam,2026-03-23 22:00:00,9.5,10.4,0.0,2026-03-23 15:09:28.211655
amsterdam,2026-03-23 23:00:00,9.5,12.2,0.0,2026-03-23 15:09:28.211655
amsterdam,2026-03-24 00:00:00,9.6,13.0,0.0,2026-03-23 15:09:28.211655
amsterdam,2026-03-24 01:00:00,9.7,13.3,0.0,2026-03-23 15:09:28.211655
amsterdam,2026-03-24 02:00:00,9.7,14.4,0.0,2026-03-23 15:09:28.211655
amsterdam,2026-03-24 03:00:00,9.4,14.0,0.0,2026-03-23 15:09:28.211655
amsterdam,2026-03-24 04:00:00,8.8,14.8,0.0,2026-03-23 15:09:28.211655
amsterdam,2026-03-24 05:00:00,8.5,16.9,0.0,2026-03-23 15:09:28.211655
amsterdam,2026-03-24 06:00:00,8.6,18.4,0.0,2026-03-23 15:09:28.211655
amsterdam,2026-03-24 07:00:00,8.9,20.2,0.0,2026-03-23 15:09:28.211655
amsterdam,2026-03-24 08:00:00,9.7,20.9,0.0,2026-03-23 15:09:28.211655
amsterdam,2026-03-24 09:00:00,10.8,23.4,0.0,2026-03-23 15:09:28.211655
amsterdam,2026-03-24 10:00:00,11.0,25.6,0.0,2026-03-23 15:09:28.211655
amsterdam,2026-03-24 11:00:00,11.0,23.8,0.0,2026-03-23 15:09:28.211655
amsterdam,2026-03-24 12:00:00,11.1,22.0,0.0,2026-03-23 15:09:28.211655
amsterdam,2026-03-24 13:00:00,11.5,23.0,0.0,2026-03-23 15:09:28.211655
amsterdam,2026-03-24 14:00:00,11.5,24.8,0.0,2026-03-23 15:09:28.211655
amsterdam,2026-03-24 15:00:00,11.5,24.8,0.0,2026-03-23 15:09:28.211655
amsterdam,2026-03-24 16:00:00,11.5,25.2,0.0,2026-03-23 15:09:28.211655
amsterdam,2026-03-24 17:00:00,11.7,26.6,0.0,2026-03-23 15:09:28.211655
amsterdam,2026-03-24 18:00:00,11.5,32.8,0.0,2026-03-23 15:09:28.211655
amsterdam,2026-03-24 19:00:00,11.2,30.6,0.0,2026-03-23 15:09:28.211655
amsterdam,2026-03-24 20:00:00,11.0,31.0,0.0,2026-03-23 15:09:28.211655
amsterdam,2026-03-24 21:00:00,10.7,33.5,0.0,2026-03-23 15:09:28.211655
amsterdam,2026-03-24 22:00:00,10.3,39.6,0.1,2026-03-23 15:09:28.211655
amsterdam,2026-03-24 23:00:00,10.7,41.4,0.1,2026-03-23 15:09:28.211655
amsterdam,2026-03-25 00:00:00,10.7,38.9,0.0,2026-03-23 15:09:28.211655
amsterdam,2026-03-25 01:00:00,10.4,40.3,0.3,2026-03-23 15:09:28.211655
amsterdam,2026-03-25 02:00:00,10.0,42.5,2.2,2026-03-23 15:09:28.211655
amsterdam,2026-03-25 03:00:00,8.8,36.7,0.1,2026-03-23 15:09:28.211655
amsterdam,2026-03-25 04:00:00,8.4,37.1,0.0,2026-03-23 15:09:28.211655
amsterdam,2026-03-25 05:00:00,8.0,34.6,0.1,2026-03-23 15:09:28.211655
amsterdam,2026-03-25 06:00:00,7.7,34.2,0.0,2026-03-23 15:09:28.211655
amsterdam,2026-03-25 07:00:00,7.4,31.7,0.1,2026-03-23 15:09:28.211655
amsterdam,2026-03-25 08:00:00,7.0,27.4,1.4,2026-03-23 15:09:28.211655
amsterdam,2026-03-25 09:00:00,7.8,22.0,0.9,2026-03-23 15:09:28.211655
amsterdam,2026-03-25 10:00:00,8.7,21.2,0.1,2026-03-23 15:09:28.211655
amsterdam,2026-03-25 11:00:00,8.4,23.8,0.0,2026-03-23 15:09:28.211655
amsterdam,2026-03-25 12:00:00,8.7,24.1,0.0,2026-03-23 15:09:28.211655
amsterdam,2026-03-25 13:00:00,8.8,25.6,0.0,2026-03-23 15:09:28.211655
amsterdam,2026-03-25 14:00:00,8.6,27.4,0.0,2026-03-23 15:09:28.211655
amsterdam,2026-03-25 15:00:00,8.4,27.0,0.0,2026-03-23 15:09:28.211655
amsterdam,2026-03-25 16:00:00,7.9,28.1,0.0,2026-03-23 15:09:28.211655
amsterdam,2026-03-25 17:00:00,7.9,23.8,0.2,2026-03-23 15:09:28.211655
amsterdam,2026-03-25 18:00:00,7.5,24.1,0.0,2026-03-23 15:09:28.211655
amsterdam,2026-03-25 19:00:00,4.8,13.7,0.1,2026-03-23 15:09:28.211655
amsterdam,2026-03-25 20:00:00,5.1,12.2,0.0,2026-03-23 15:09:28.211655
amsterdam,2026-03-25 21:00:00,7.1,17.6,0.1,2026-03-23 15:09:28.211655
amsterdam,2026-03-25 22:00:00,5.8,17.7,0.23,2026-03-23 15:09:28.211655
amsterdam,2026-03-25 23:00:00,5.6,22.0,0.25,2026-03-23 15:09:28.211655
amsterdam,2026-03-26 00:00:00,4.9,18.5,0.0,2026-03-23 15:09:28.211655
amsterdam,2026-03-26 01:00:00,4.1,15.5,0.0,2026-03-23 15:09:28.211655
amsterdam,2026-03-26 02:00:00,4.2,16.2,0.0,2026-03-23 15:09:28.211655
amsterdam,2026-03-26 03:00:00,3.9,17.2,0.9,2026-03-23 15:09:28.211655
amsterdam,2026-03-26 04:00:00,3.5,17.1,0.2,2026-03-23 15:09:28.211655
amsterdam,2026-03-26 05:00:00,3.7,15.5,0.1,2026-03-23 15:09:28.211655
amsterdam,2026-03-26 06:00:00,3.8,16.6,0.0,2026-03-23 15:09:28.211655
amsterdam,2026-03-26 07:00:00,4.3,16.9,0.1,2026-03-23 15:09:28.211655
amsterdam,2026-03-26 08:00:00,5.7,17.9,0.0,2026-03-23 15:09:28.211655
amsterdam,2026-03-26 09:00:00,5.8,24.4,0.0,2026-03-23 15:09:28.211655
amsterdam,2026-03-26 10:00:00,6.0,23.5,0.1,2026-03-23 15:09:28.211655
amsterdam,2026-03-26 11:00:00,6.2,22.2,0.4,2026-03-23 15:09:28.211655
amsterdam,2026-03-26 12:00:00,6.4,22.5,0.7,2026-03-23 15:09:28.211655
amsterdam,2026-03-26 13:00:00,6.1,22.6,0.4,2026-03-23 15:09:28.211655
amsterdam,2026-03-26 14:00:00,5.8,21.3,0.0,2026-03-23 15:09:28.211655
amsterdam,2026-03-26 15:00:00,6.1,24.8,0.2,2026-03-23 15:09:28.211655
amsterdam,2026-03-26 16:00:00,5.4,25.1,0.0,2026-03-23 15:09:28.211655
amsterdam,2026-03-26 17:00:00,5.1,18.8,0.1,2026-03-23 15:09:28.211655
amsterdam,2026-03-26 18:00:00,4.6,16.5,0.3,2026-03-23 15:09:28.211655
amsterdam,2026-03-26 19:00:00,3.8,15.5,0.5,2026-03-23 15:09:28.211655
amsterdam,2026-03-26 20:00:00,3.5,12.1,0.9,2026-03-23 15:09:28.211655
amsterdam,2026-03-26 21:00:00,3.5,11.2,0.0,2026-03-23 15:09:28.211655
amsterdam,2026-03-26 22:00:00,3.3,8.7,0.0,2026-03-23 15:09:28.211655
amsterdam,2026-03-26 23:00:00,2.9,7.0,0.0,2026-03-23 15:09:28.211655
amsterdam,2026-03-27 00:00:00,2.8,7.0,0.0,2026-03-23 15:09:28.211655
amsterdam,2026-03-27 01:00:00,2.5,6.6,0.0,2026-03-23 15:09:28.211655
amsterdam,2026-03-27 02:00:00,2.2,6.6,0.0,2026-03-23 15:09:28.211655
amsterdam,2026-03-27 03:00:00,2.0,6.2,0.0,2026-03-23 15:09:28.211655
amsterdam,2026-03-27 04:00:00,1.8,5.2,0.0,2026-03-23 15:09:28.211655
amsterdam,2026-03-27 05:00:00,1.6,3.9,0.0,2026-03-23 15:09:28.211655
amsterdam,2026-03-27 06:00:00,2.0,2.7,0.0,2026-03-23 15:09:28.211655
amsterdam,2026-03-27 07:00:00,3.2,1.7,0.0,2026-03-23 15:09:28.211655
amsterdam,2026-03-27 08:00:00,5.0,3.1,0.0,2026-03-23 15:09:28.211655
amsterdam,2026-03-27 09:00:00,6.5,4.0,0.0,2026-03-23 15:09:28.211655
amsterdam,2026-03-27 10:00:00,7.5,4.3,0.0,2026-03-23 15:09:28.211655
amsterdam,2026-03-27 11:00:00,8.2,7.7,0.0,2026-03-23 15:09:28.211655
amsterdam,2026-03-27 12:00:00,8.8,11.3,0.0,2026-03-23 15:09:28.211655
amsterdam,2026-03-27 13:00:00,9.1,13.4,0.0,2026-03-23 15:09:28.211655
amsterdam,2026-03-27 14:00:00,9.3,15.0,0.0,2026-03-23 15:09:28.211655
amsterdam,2026-03-27 15:00:00,9.1,15.3,0.0,2026-03-23 15:09:28.211655
amsterdam,2026-03-27 16:00:00,8.6,13.8,0.0,2026-03-23 15:09:28.211655
amsterdam,2026-03-27 17:00:00,7.7,11.3,0.0,2026-03-23 15:09:28.211655
amsterdam,2026-03-27 18:00:00,6.9,9.7,0.0,2026-03-23 15:09:28.211655
amsterdam,2026-03-27 19:00:00,6.6,9.7,0.1,2026-03-23 15:09:28.211655
amsterdam,2026-03-27 20:00:00,6.4,10.7,0.1,2026-03-23 15:09:28.211655
amsterdam,2026-03-27 21:00:00,6.3,11.8,0.1,2026-03-23 15:09:28.211655
amsterdam,2026-03-27 22:00:00,6.2,13.7,0.4,2026-03-23 15:09:28.211655
amsterdam,2026-03-27 23:00:00,6.1,15.9,0.4,2026-03-23 15:09:28.211655
amsterdam,2026-03-28 00:00:00,6.0,14.7,0.4,2026-03-23 15:09:28.211655
amsterdam,2026-03-28 01:00:00,6.2,8.1,0.2,2026-03-23 15:09:28.211655
amsterdam,2026-03-28 02:00:00,6.5,6.2,0.2,2026-03-23 15:09:28.211655
amsterdam,2026-03-28 03:00:00,6.6,12.7,0.2,2026-03-23 15:09:28.211655
amsterdam,2026-03-28 04:00:00,6.2,14.5,0.0,2026-03-23 15:09:28.211655
amsterdam,2026-03-28 05:00:00,5.7,13.9,0.0,2026-03-23 15:09:28.211655
amsterdam,2026-03-28 06:00:00,5.6,13.4,0.0,2026-03-23 15:09:28.211655
amsterdam,2026-03-28 07:00:00,6.3,14.7,0.0,2026-03-23 15:09:28.211655
amsterdam,2026-03-28 08:00:00,7.6,16.4,0.0,2026-03-23 15:09:28.211655
amsterdam,2026-03-28 09:00:00,8.5,17.7,0.0,2026-03-23 15:09:28.211655
amsterdam,2026-03-28 10:00:00,9.0,18.2,0.0,2026-03-23 15:09:28.211655
amsterdam,2026-03-28 11:00:00,9.2,18.4,0.0,2026-03-23 15:09:28.211655
amsterdam,2026-03-28 12:00:00,9.3,18.4,0.0,2026-03-23 15:09:28.211655
amsterdam,2026-03-28 13:00:00,9.2,18.8,0.1,2026-03-23 15:09:28.211655
amsterdam,2026-03-28 14:00:00,9.0,19.1,0.1,2026-03-23 15:09:28.211655
amsterdam,2026-03-28 15:00:00,8.6,18.5,0.1,2026-03-23 15:09:28.211655
amsterdam,2026-03-28 16:00:00,7.8,15.9,0.0,2026-03-23 15:09:28.211655
amsterdam,2026-03-28 17:00:00,7.0,12.5,0.0,2026-03-23 15:09:28.211655
amsterdam,2026-03-28 18:00:00,6.2,9.5,0.0,2026-03-23 15:09:28.211655
amsterdam,2026-03-28 19:00:00,5.4,7.8,0.0,2026-03-23 15:09:28.211655
amsterdam,2026-03-28 20:00:00,4.8,6.9,0.0,2026-03-23 15:09:28.211655
amsterdam,2026-03-28 21:00:00,4.2,6.3,0.0,2026-03-23 15:09:28.211655
amsterdam,2026-03-28 22:00:00,3.5,5.8,0.0,2026-03-23 15:09:28.211655
amsterdam,2026-03-28 23:00:00,2.8,5.6,0.0,2026-03-23 15:09:28.211655
amsterdam,2026-03-29 00:00:00,2.4,5.6,0.0,2026-03-23 15:09:28.211655
amsterdam,2026-03-29 01:00:00,2.2,5.9,0.0,2026-03-23 15:09:28.211655
amsterdam,2026-03-29 02:00:00,2.2,6.3,0.0,2026-03-23 15:09:28.211655
amsterdam,2026-03-29 03:00:00,2.1,6.1,0.0,2026-03-23 15:09:28.211655
amsterdam,2026-03-29 04:00:00,1.9,4.8,0.0,2026-03-23 15:09:28.211655
amsterdam,2026-03-29 05:00:00,1.7,2.7,0.0,2026-03-23 15:09:28.211655
amsterdam,2026-03-29 06:00:00,1.5,1.3,0.0,2026-03-23 15:09:28.211655
amsterdam,2026-03-29 07:00:00,2.0,4.6,0.0,2026-03-23 15:09:28.211655
amsterdam,2026-03-29 08:00:00,3.6,5.6,0.0,2026-03-23 15:09:28.211655
amsterdam,2026-03-29 09:00:00,5.6,7.0,0.0,2026-03-23 15:09:28.211655
amsterdam,2026-03-29 10:00:00,7.5,8.5,0.0,2026-03-23 15:09:28.211655
amsterdam,2026-03-29 11:00:00,9.1,9.7,0.0,2026-03-23 15:09:28.211655
amsterdam,2026-03-29 12:00:00,10.0,10.3,0.0,2026-03-23 15:09:28.211655
amsterdam,2026-03-29 13:00:00,10.1,10.1,0.0,2026-03-23 15:09:28.211655
amsterdam,2026-03-29 14:00:00,9.8,9.4,0.0,2026-03-23 15:09:28.211655
amsterdam,2026-03-29 15:00:00,9.0,8.3,0.0,2026-03-23 15:09:28.211655
amsterdam,2026-03-29 16:00:00,8.1,7.3,0.0,2026-03-23 15:09:28.211655
amsterdam,2026-03-29 17:00:00,7.3,6.6,0.0,2026-03-23 15:09:28.211655
amsterdam,2026-03-29 18:00:00,6.9,6.6,0.0,2026-03-23 15:09:28.211655
amsterdam,2026-03-29 19:00:00,6.8,7.4,0.0,2026-03-23 15:09:28.211655
amsterdam,2026-03-29 20:00:00,6.8,8.7,0.0,2026-03-23 15:09:28.211655
amsterdam,2026-03-29 21:00:00,6.9,10.3,0.0,2026-03-23 15:09:28.211655
amsterdam,2026-03-29 22:00:00,7.1,11.5,0.0,2026-03-23 15:09:28.211655
amsterdam,2026-03-29 23:00:00,7.2,12.4,0.0,2026-03-23 15:09:28.211655
berlin,2026-03-23 00:00:00,7.0,4.7,0.0,2026-03-23 15:09:28.216152
berlin,2026-03-23 01:00:00,6.6,4.2,0.0,2026-03-23 15:09:28.216152
berlin,2026-03-23 02:00:00,6.1,3.9,0.0,2026-03-23 15:09:28.216152
berlin,2026-03-23 03:00:00,5.2,4.5,0.0,2026-03-23 15:09:28.216152
berlin,2026-03-23 04:00:00,4.8,4.1,0.0,2026-03-23 15:09:28.216152
berlin,2026-03-23 05:00:00,4.4,2.4,0.0,2026-03-23 15:09:28.216152
berlin,2026-03-23 06:00:00,3.0,2.7,0.0,2026-03-23 15:09:28.216152
berlin,2026-03-23 07:00:00,4.7,1.5,0.0,2026-03-23 15:09:28.216152
berlin,2026-03-23 08:00:00,7.3,1.1,0.0,2026-03-23 15:09:28.216152
berlin,2026-03-23 09:00:00,10.2,2.9,0.0,2026-03-23 15:09:28.216152
berlin,2026-03-23 10:00:00,12.5,5.3,0.0,2026-03-23 15:09:28.216152
berlin,2026-03-23 11:00:00,14.2,4.0,0.0,2026-03-23 15:09:28.216152
berlin,2026-03-23 12:00:00,15.3,4.9,0.0,2026-03-23 15:09:28.216152
berlin,2026-03-23 13:00:00,15.4,8.8,0.0,2026-03-23 15:09:28.216152
berlin,2026-03-23 14:00:00,15.7,7.8,0.0,2026-03-23 15:09:28.216152
berlin,2026-03-23 15:00:00,15.3,7.9,0.0,2026-03-23 15:09:28.216152
berlin,2026-03-23 16:00:00,15.3,7.3,0.0,2026-03-23 15:09:28.216152
berlin,2026-03-23 17:00:00,14.6,7.7,0.0,2026-03-23 15:09:28.216152
berlin,2026-03-23 18:00:00,13.6,4.7,0.0,2026-03-23 15:09:28.216152
berlin,2026-03-23 19:00:00,12.4,3.6,0.0,2026-03-23 15:09:28.216152
berlin,2026-03-23 20:00:00,11.4,3.4,0.0,2026-03-23 15:09:28.216152
berlin,2026-03-23 21:00:00,10.6,2.4,0.0,2026-03-23 15:09:28.216152
berlin,2026-03-23 22:00:00,9.5,3.4,0.0,2026-03-23 15:09:28.216152
berlin,2026-03-23 23:00:00,8.8,4.3,0.0,2026-03-23 15:09:28.216152
berlin,2026-03-24 00:00:00,8.4,4.4,0.0,2026-03-23 15:09:28.216152
berlin,2026-03-24 01:00:00,7.9,4.4,0.0,2026-03-23 15:09:28.216152
berlin,2026-03-24 02:00:00,7.5,4.7,0.0,2026-03-23 15:09:28.216152
berlin,2026-03-24 03:00:00,7.2,4.4,0.0,2026-03-23 15:09:28.216152
berlin,2026-03-24 04:00:00,6.9,4.5,0.0,2026-03-23 15:09:28.216152
berlin,2026-03-24 05:00:00,6.6,5.5,0.0,2026-03-23 15:09:28.216152
berlin,2026-03-24 06:00:00,6.7,5.9,0.0,2026-03-23 15:09:28.216152
berlin,2026-03-24 07:00:00,7.5,7.9,0.0,2026-03-23 15:09:28.216152
berlin,2026-03-24 08:00:00,8.8,7.9,0.0,2026-03-23 15:09:28.216152
berlin,2026-03-24 09:00:00,11.0,9.0,0.0,2026-03-23 15:09:28.216152
berlin,2026-03-24 10:00:00,13.2,10.7,0.0,2026-03-23 15:09:28.216152
berlin,2026-03-24 11:00:00,14.6,13.4,0.0,2026-03-23 15:09:28.216152
berlin,2026-03-24 12:00:00,15.5,14.0,0.0,2026-03-23 15:09:28.216152
berlin,2026-03-24 13:00:00,16.1,15.0,0.0,2026-03-23 15:09:28.216152
berlin,2026-03-24 14:00:00,16.1,15.0,0.0,2026-03-23 15:09:28.216152
berlin,2026-03-24 15:00:00,16.3,13.3,0.0,2026-03-23 15:09:28.216152
berlin,2026-03-24 16:00:00,16.3,12.8,0.0,2026-03-23 15:09:28.216152
berlin,2026-03-24 17:00:00,15.8,10.7,0.0,2026-03-23 15:09:28.216152
berlin,2026-03-24 18:00:00,14.8,10.2,0.0,2026-03-23 15:09:28.216152
berlin,2026-03-24 19:00:00,14.0,10.9,0.0,2026-03-23 15:09:28.216152
berlin,2026-03-24 20:00:00,13.3,11.2,0.0,2026-03-23 15:09:28.216152
berlin,2026-03-24 21:00:00,12.8,12.5,0.0,2026-03-23 15:09:28.216152
berlin,2026-03-24 22:00:00,12.5,14.1,0.0,2026-03-23 15:09:28.216152
berlin,2026-03-24 23:00:00,12.2,14.2,0.0,2026-03-23 15:09:28.216152
berlin,2026-03-25 00:00:00,11.8,14.3,0.0,2026-03-23 15:09:28.216152
berlin,2026-03-25 01:00:00,11.0,14.3,0.0,2026-03-23 15:09:28.216152
berlin,2026-03-25 02:00:00,10.4,15.3,0.0,2026-03-23 15:09:28.216152
berlin,2026-03-25 03:00:00,9.6,15.6,0.0,2026-03-23 15:09:28.216152
berlin,2026-03-25 04:00:00,9.1,16.2,0.0,2026-03-23 15:09:28.216152
berlin,2026-03-25 05:00:00,9.0,17.6,0.0,2026-03-23 15:09:28.216152
berlin,2026-03-25 06:00:00,9.2,18.5,0.1,2026-03-23 15:09:28.216152
berlin,2026-03-25 07:00:00,10.2,19.7,0.0,2026-03-23 15:09:28.216152
berlin,2026-03-25 08:00:00,11.6,23.2,0.0,2026-03-23 15:09:28.216152
berlin,2026-03-25 09:00:00,12.4,22.3,0.0,2026-03-23 15:09:28.216152
berlin,2026-03-25 10:00:00,12.4,22.7,0.1,2026-03-23 15:09:28.216152
berlin,2026-03-25 11:00:00,11.4,19.9,0.39,2026-03-23 15:09:28.216152
berlin,2026-03-25 12:00:00,10.0,18.4,0.7,2026-03-23 15:09:28.216152
berlin,2026-03-25 13:00:00,11.1,19.2,0.0,2026-03-23 15:09:28.216152
berlin,2026-03-25 14:00:00,11.4,21.4,0.1,2026-03-23 15:09:28.216152
berlin,2026-03-25 15:00:00,9.7,20.0,0.3,2026-03-23 15:09:28.216152
berlin,2026-03-25 16:00:00,8.5,19.0,0.0,2026-03-23 15:09:28.216152
berlin,2026-03-25 17:00:00,7.8,13.0,0.0,2026-03-23 15:09:28.216152
berlin,2026-03-25 18:00:00,6.7,8.0,0.0,2026-03-23 15:09:28.216152
berlin,2026-03-25 19:00:00,5.8,7.3,0.0,2026-03-23 15:09:28.216152
berlin,2026-03-25 20:00:00,5.1,9.1,0.0,2026-03-23 15:09:28.216152
berlin,2026-03-25 21:00:00,4.2,9.7,0.0,2026-03-23 15:09:28.216152
berlin,2026-03-25 22:00:00,3.5,9.0,0.0,2026-03-23 15:09:28.216152
berlin,2026-03-25 23:00:00,2.9,8.5,0.0,2026-03-23 15:09:28.216152
berlin,2026-03-26 00:00:00,2.4,9.5,0.0,2026-03-23 15:09:28.216152
berlin,2026-03-26 01:00:00,2.0,9.0,0.0,2026-03-23 15:09:28.216152
berlin,2026-03-26 02:00:00,1.9,10.0,0.0,2026-03-23 15:09:28.216152
berlin,2026-03-26 03:00:00,1.6,9.7,0.0,2026-03-23 15:09:28.216152
berlin,2026-03-26 04:00:00,1.5,9.5,0.0,2026-03-23 15:09:28.216152
berlin,2026-03-26 05:00:00,1.5,9.5,0.0,2026-03-23 15:09:28.216152
berlin,2026-03-26 06:00:00,2.1,10.0,0.0,2026-03-23 15:09:28.216152
berlin,2026-03-26 07:00:00,3.2,14.1,0.0,2026-03-23 15:09:28.216152
berlin,2026-03-26 08:00:00,4.6,14.2,0.0,2026-03-23 15:09:28.216152
berlin,2026-03-26 09:00:00,5.6,13.8,0.0,2026-03-23 15:09:28.216152
berlin,2026-03-26 10:00:00,6.7,15.0,0.0,2026-03-23 15:09:28.216152
berlin,2026-03-26 11:00:00,7.7,13.8,0.0,2026-03-23 15:09:28.216152
berlin,2026-03-26 12:00:00,8.2,11.8,0.0,2026-03-23 15:09:28.216152
berlin,2026-03-26 13:00:00,8.7,12.1,0.0,2026-03-23 15:09:28.216152
berlin,2026-03-26 14:00:00,8.9,12.8,0.0,2026-03-23 15:09:28.216152
berlin,2026-03-26 15:00:00,8.8,12.8,0.0,2026-03-23 15:09:28.216152
berlin,2026-03-26 16:00:00,8.2,11.0,0.0,2026-03-23 15:09:28.216152
berlin,2026-03-26 17:00:00,7.3,8.5,0.0,2026-03-23 15:09:28.216152
berlin,2026-03-26 18:00:00,6.4,6.6,0.0,2026-03-23 15:09:28.216152
berlin,2026-03-26 19:00:00,5.4,6.5,0.0,2026-03-23 15:09:28.216152
berlin,2026-03-26 20:00:00,4.5,7.3,0.0,2026-03-23 15:09:28.216152
berlin,2026-03-26 21:00:00,3.5,7.8,0.0,2026-03-23 15:09:28.216152
berlin,2026-03-26 22:00:00,2.5,7.8,0.0,2026-03-23 15:09:28.216152
berlin,2026-03-26 23:00:00,1.4,7.6,0.0,2026-03-23 15:09:28.216152
berlin,2026-03-27 00:00:00,0.6,7.5,0.0,2026-03-23 15:09:28.216152
berlin,2026-03-27 01:00:00,0.1,6.9,0.0,2026-03-23 15:09:28.216152
berlin,2026-03-27 02:00:00,-0.2,6.8,0.0,2026-03-23 15:09:28.216152
berlin,2026-03-27 03:00:00,-0.4,6.5,0.0,2026-03-23 15:09:28.216152
berlin,2026-03-27 04:00:00,-0.7,6.5,0.0,2026-03-23 15:09:28.216152
berlin,2026-03-27 05:00:00,-0.8,6.5,0.0,2026-03-23 15:09:28.216152
berlin,2026-03-27 06:00:00,-0.5,7.0,0.0,2026-03-23 15:09:28.216152
berlin,2026-03-27 07:00:00,0.8,8.0,0.0,2026-03-23 15:09:28.216152
berlin,2026-03-27 08:00:00,2.6,9.4,0.0,2026-03-23 15:09:28.216152
berlin,2026-03-27 09:00:00,4.4,10.3,0.0,2026-03-23 15:09:28.216152
berlin,2026-03-27 10:00:00,6.1,10.0,0.0,2026-03-23 15:09:28.216152
berlin,2026-03-27 11:00:00,7.9,9.7,0.0,2026-03-23 15:09:28.216152
berlin,2026-03-27 12:00:00,9.2,9.5,0.0,2026-03-23 15:09:28.216152
berlin,2026-03-27 13:00:00,9.9,9.7,0.0,2026-03-23 15:09:28.216152
berlin,2026-03-27 14:00:00,10.2,10.4,0.0,2026-03-23 15:09:28.216152
berlin,2026-03-27 15:00:00,10.1,10.1,0.0,2026-03-23 15:09:28.216152
berlin,2026-03-27 16:00:00,9.5,8.6,0.0,2026-03-23 15:09:28.216152
berlin,2026-03-27 17:00:00,8.6,6.5,0.0,2026-03-23 15:09:28.216152
berlin,2026-03-27 18:00:00,7.7,4.7,0.0,2026-03-23 15:09:28.216152
berlin,2026-03-27 19:00:00,7.0,4.0,0.0,2026-03-23 15:09:28.216152
berlin,2026-03-27 20:00:00,6.4,4.5,0.0,2026-03-23 15:09:28.216152
berlin,2026-03-27 21:00:00,5.9,4.9,0.0,2026-03-23 15:09:28.216152
berlin,2026-03-27 22:00:00,5.6,5.1,0.1,2026-03-23 15:09:28.216152
berlin,2026-03-27 23:00:00,5.6,5.4,0.1,2026-03-23 15:09:28.216152
berlin,2026-03-28 00:00:00,5.5,5.7,0.1,2026-03-23 15:09:28.216152
berlin,2026-03-28 01:00:00,5.2,6.2,0.2,2026-03-23 15:09:28.216152
berlin,2026-03-28 02:00:00,5.0,6.6,0.2,2026-03-23 15:09:28.216152
berlin,2026-03-28 03:00:00,4.8,7.1,0.2,2026-03-23 15:09:28.216152
berlin,2026-03-28 04:00:00,4.6,7.0,0.1,2026-03-23 15:09:28.216152
berlin,2026-03-28 05:00:00,4.6,6.9,0.1,2026-03-23 15:09:28.216152
berlin,2026-03-28 06:00:00,4.6,6.7,0.1,2026-03-23 15:09:28.216152
berlin,2026-03-28 07:00:00,1.7,5.1,0.0,2026-03-23 15:09:28.216152
berlin,2026-03-28 08:00:00,4.0,6.1,0.0,2026-03-23 15:09:28.216152
berlin,2026-03-28 09:00:00,6.1,7.2,0.0,2026-03-23 15:09:28.216152
berlin,2026-03-28 10:00:00,7.7,7.6,0.0,2026-03-23 15:09:28.216152
berlin,2026-03-28 11:00:00,9.0,7.4,0.0,2026-03-23 15:09:28.216152
berlin,2026-03-28 12:00:00,10.0,7.5,0.0,2026-03-23 15:09:28.216152
berlin,2026-03-28 13:00:00,10.6,7.4,0.0,2026-03-23 15:09:28.216152
berlin,2026-03-28 14:00:00,10.8,7.6,0.0,2026-03-23 15:09:28.216152
berlin,2026-03-28 15:00:00,10.7,7.2,0.0,2026-03-23 15:09:28.216152
berlin,2026-03-28 16:00:00,10.0,6.1,0.0,2026-03-23 15:09:28.216152
berlin,2026-03-28 17:00:00,9.0,4.7,0.0,2026-03-23 15:09:28.216152
berlin,2026-03-28 18:00:00,7.9,3.5,0.0,2026-03-23 15:09:28.216152
berlin,2026-03-28 19:00:00,6.9,3.1,0.0,2026-03-23 15:09:28.216152
berlin,2026-03-28 20:00:00,5.9,3.4,0.0,2026-03-23 15:09:28.216152
berlin,2026-03-28 21:00:00,5.0,3.8,0.0,2026-03-23 15:09:28.216152
berlin,2026-03-28 22:00:00,4.3,3.7,0.0,2026-03-23 15:09:28.216152
berlin,2026-03-28 23:00:00,3.7,3.6,0.0,2026-03-23 15:09:28.216152
berlin,2026-03-29 00:00:00,3.3,3.3,0.0,2026-03-23 15:09:28.216152
berlin,2026-03-29 01:00:00,3.1,2.5,0.0,2026-03-23 15:09:28.216152
berlin,2026-03-29 02:00:00,3.0,1.9,0.0,2026-03-23 15:09:28.216152
berlin,2026-03-29 03:00:00,3.0,1.5,0.0,2026-03-23 15:09:28.216152
berlin,2026-03-29 04:00:00,2.9,1.8,0.0,2026-03-23 15:09:28.216152
berlin,2026-03-29 05:00:00,2.8,2.0,0.0,2026-03-23 15:09:28.216152
berlin,2026-03-29 06:00:00,3.2,2.3,0.0,2026-03-23 15:09:28.216152
berlin,2026-03-29 07:00:00,4.6,2.3,0.0,2026-03-23 15:09:28.216152
berlin,2026-03-29 08:00:00,6.6,3.0,0.0,2026-03-23 15:09:28.216152
berlin,2026-03-29 09:00:00,8.2,3.9,0.0,2026-03-23 15:09:28.216152
berlin,2026-03-29 10:00:00,9.2,5.4,0.0,2026-03-23 15:09:28.216152
berlin,2026-03-29 11:00:00,9.9,6.9,0.0,2026-03-23 15:09:28.216152
berlin,2026-03-29 12:00:00,10.4,7.7,0.0,2026-03-23 15:09:28.216152
berlin,2026-03-29 13:00:00,10.4,8.2,0.0,2026-03-23 15:09:28.216152
berlin,2026-03-29 14:00:00,10.2,10.2,0.0,2026-03-23 15:09:28.216152
berlin,2026-03-29 15:00:00,9.8,11.2,0.0,2026-03-23 15:09:28.216152
berlin,2026-03-29 16:00:00,9.2,8.7,0.0,2026-03-23 15:09:28.216152
berlin,2026-03-29 17:00:00,8.5,4.3,0.0,2026-03-23 15:09:28.216152
berlin,2026-03-29 18:00:00,7.8,3.1,0.0,2026-03-23 15:09:28.216152
berlin,2026-03-29 19:00:00,7.3,3.1,0.2,2026-03-23 15:09:28.216152
berlin,2026-03-29 20:00:00,6.9,3.4,0.2,2026-03-23 15:09:28.216152
berlin,2026-03-29 21:00:00,6.5,3.3,0.2,2026-03-23 15:09:28.216152
berlin,2026-03-29 22:00:00,6.3,3.8,0.6,2026-03-23 15:09:28.216152
berlin,2026-03-29 23:00:00,6.1,4.1,0.6,2026-03-23 15:09:28.216152
bordeaux,2026-03-23 00:00:00,8.4,3.8,0.0,2026-03-23 15:09:28.221243
bordeaux,2026-03-23 01:00:00,7.9,4.0,0.0,2026-03-23 15:09:28.221243
bordeaux,2026-03-23 02:00:00,7.3,4.2,0.0,2026-03-23 15:09:28.221243
bordeaux,2026-03-23 03:00:00,7.1,4.0,0.0,2026-03-23 15:09:28.221243
bordeaux,2026-03-23 04:00:00,6.8,3.6,0.0,2026-03-23 15:09:28.221243
bordeaux,2026-03-23 05:00:00,6.5,3.6,0.0,2026-03-23 15:09:28.221243
bordeaux,2026-03-23 06:00:00,6.0,3.6,0.0,2026-03-23 15:09:28.221243
bordeaux,2026-03-23 07:00:00,6.0,3.7,0.0,2026-03-23 15:09:28.221243
bordeaux,2026-03-23 08:00:00,8.2,4.8,0.0,2026-03-23 15:09:28.221243
bordeaux,2026-03-23 09:00:00,10.4,7.9,0.0,2026-03-23 15:09:28.221243
bordeaux,2026-03-23 10:00:00,12.4,7.9,0.0,2026-03-23 15:09:28.221243
bordeaux,2026-03-23 11:00:00,14.1,8.6,0.0,2026-03-23 15:09:28.221243
bordeaux,2026-03-23 12:00:00,15.5,10.7,0.0,2026-03-23 15:09:28.221243
bordeaux,2026-03-23 13:00:00,16.4,11.1,0.0,2026-03-23 15:09:28.221243
bordeaux,2026-03-23 14:00:00,16.8,11.6,0.0,2026-03-23 15:09:28.221243
bordeaux,2026-03-23 15:00:00,17.0,11.5,0.0,2026-03-23 15:09:28.221243
bordeaux,2026-03-23 16:00:00,16.9,11.2,0.0,2026-03-23 15:09:28.221243
bordeaux,2026-03-23 17:00:00,16.6,9.7,0.0,2026-03-23 15:09:28.221243
bordeaux,2026-03-23 18:00:00,15.8,6.2,0.0,2026-03-23 15:09:28.221243
bordeaux,2026-03-23 19:00:00,13.6,5.1,0.0,2026-03-23 15:09:28.221243
bordeaux,2026-03-23 20:00:00,12.2,5.1,0.0,2026-03-23 15:09:28.221243
bordeaux,2026-03-23 21:00:00,11.3,5.0,0.0,2026-03-23 15:09:28.221243
bordeaux,2026-03-23 22:00:00,10.2,4.7,0.0,2026-03-23 15:09:28.221243
bordeaux,2026-03-23 23:00:00,8.9,4.9,0.0,2026-03-23 15:09:28.221243
bordeaux,2026-03-24 00:00:00,8.6,3.2,0.0,2026-03-23 15:09:28.221243
bordeaux,2026-03-24 01:00:00,8.4,2.9,0.0,2026-03-23 15:09:28.221243
bordeaux,2026-03-24 02:00:00,8.4,2.9,0.0,2026-03-23 15:09:28.221243
bordeaux,2026-03-24 03:00:00,8.2,3.0,0.0,2026-03-23 15:09:28.221243
bordeaux,2026-03-24 04:00:00,8.1,2.9,0.0,2026-03-23 15:09:28.221243
bordeaux,2026-03-24 05:00:00,7.9,2.2,0.0,2026-03-23 15:09:28.221243
bordeaux,2026-03-24 06:00:00,7.6,1.4,0.0,2026-03-23 15:09:28.221243
bordeaux,2026-03-24 07:00:00,7.7,1.8,0.0,2026-03-23 15:09:28.221243
bordeaux,2026-03-24 08:00:00,8.4,1.5,0.0,2026-03-23 15:09:28.221243
bordeaux,2026-03-24 09:00:00,11.8,3.4,0.0,2026-03-23 15:09:28.221243
bordeaux,2026-03-24 10:00:00,14.2,4.1,0.0,2026-03-23 15:09:28.221243
bordeaux,2026-03-24 11:00:00,16.0,4.5,0.0,2026-03-23 15:09:28.221243
bordeaux,2026-03-24 12:00:00,17.0,5.9,0.0,2026-03-23 15:09:28.221243
bordeaux,2026-03-24 13:00:00,17.6,5.0,0.0,2026-03-23 15:09:28.221243
bordeaux,2026-03-24 14:00:00,18.2,3.4,0.0,2026-03-23 15:09:28.221243
bordeaux,2026-03-24 15:00:00,18.5,3.1,0.0,2026-03-23 15:09:28.221243
bordeaux,2026-03-24 16:00:00,18.4,3.7,0.0,2026-03-23 15:09:28.221243
bordeaux,2026-03-24 17:00:00,18.2,3.6,0.0,2026-03-23 15:09:28.221243
bordeaux,2026-03-24 18:00:00,17.3,3.5,0.0,2026-03-23 15:09:28.221243
bordeaux,2026-03-24 19:00:00,16.1,1.0,0.0,2026-03-23 15:09:28.221243
bordeaux,2026-03-24 20:00:00,12.9,5.0,0.0,2026-03-23 15:09:28.221243
bordeaux,2026-03-24 21:00:00,11.7,3.3,0.0,2026-03-23 15:09:28.221243
bordeaux,2026-03-24 22:00:00,10.8,4.2,0.0,2026-03-23 15:09:28.221243
bordeaux,2026-03-24 23:00:00,10.4,0.8,0.0,2026-03-23 15:09:28.221243
bordeaux,2026-03-25 00:00:00,10.1,1.8,0.0,2026-03-23 15:09:28.221243
bordeaux,2026-03-25 01:00:00,8.7,3.6,0.0,2026-03-23 15:09:28.221243
bordeaux,2026-03-25 02:00:00,7.4,3.3,0.0,2026-03-23 15:09:28.221243
bordeaux,2026-03-25 03:00:00,7.0,3.7,0.0,2026-03-23 15:09:28.221243
bordeaux,2026-03-25 04:00:00,6.7,4.2,0.0,2026-03-23 15:09:28.221243
bordeaux,2026-03-25 05:00:00,6.6,5.1,0.0,2026-03-23 15:09:28.221243
bordeaux,2026-03-25 06:00:00,7.0,5.8,0.0,2026-03-23 15:09:28.221243
bordeaux,2026-03-25 07:00:00,8.6,7.3,0.0,2026-03-23 15:09:28.221243
bordeaux,2026-03-25 08:00:00,11.2,9.9,0.0,2026-03-23 15:09:28.221243
bordeaux,2026-03-25 09:00:00,12.6,15.1,0.03,2026-03-23 15:09:28.221243
bordeaux,2026-03-25 10:00:00,12.3,15.3,0.23,2026-03-23 15:09:28.221243
bordeaux,2026-03-25 11:00:00,13.6,21.3,0.05,2026-03-23 15:09:28.221243
bordeaux,2026-03-25 12:00:00,14.1,23.7,0.0,2026-03-23 15:09:28.221243
bordeaux,2026-03-25 13:00:00,13.5,21.2,0.0,2026-03-23 15:09:28.221243
bordeaux,2026-03-25 14:00:00,13.6,23.4,0.0,2026-03-23 15:09:28.221243
bordeaux,2026-03-25 15:00:00,13.1,24.7,0.0,2026-03-23 15:09:28.221243
bordeaux,2026-03-25 16:00:00,12.2,24.5,0.0,2026-03-23 15:09:28.221243
bordeaux,2026-03-25 17:00:00,11.4,22.7,0.0,2026-03-23 15:09:28.221243
bordeaux,2026-03-25 18:00:00,10.6,18.7,0.0,2026-03-23 15:09:28.221243
bordeaux,2026-03-25 19:00:00,9.5,15.6,0.0,2026-03-23 15:09:28.221243
bordeaux,2026-03-25 20:00:00,8.8,12.6,0.0,2026-03-23 15:09:28.221243
bordeaux,2026-03-25 21:00:00,8.0,10.5,0.0,2026-03-23 15:09:28.221243
bordeaux,2026-03-25 22:00:00,7.6,9.4,0.0,2026-03-23 15:09:28.221243
bordeaux,2026-03-25 23:00:00,7.0,9.2,0.0,2026-03-23 15:09:28.221243
bordeaux,2026-03-26 00:00:00,6.7,9.8,0.0,2026-03-23 15:09:28.221243
bordeaux,2026-03-26 01:00:00,6.4,10.2,0.0,2026-03-23 15:09:28.221243
bordeaux,2026-03-26 02:00:00,5.5,7.1,0.0,2026-03-23 15:09:28.221243
bordeaux,2026-03-26 03:00:00,4.7,4.6,0.0,2026-03-23 15:09:28.221243
bordeaux,2026-03-26 04:00:00,4.0,3.7,0.0,2026-03-23 15:09:28.221243
bordeaux,2026-03-26 05:00:00,3.5,3.7,0.0,2026-03-23 15:09:28.221243
bordeaux,2026-03-26 06:00:00,3.2,3.9,0.0,2026-03-23 15:09:28.221243
bordeaux,2026-03-26 07:00:00,3.9,4.3,0.0,2026-03-23 15:09:28.221243
bordeaux,2026-03-26 08:00:00,6.8,7.4,0.0,2026-03-23 15:09:28.221243
bordeaux,2026-03-26 09:00:00,8.7,12.6,0.0,2026-03-23 15:09:28.221243
bordeaux,2026-03-26 10:00:00,10.0,15.0,0.0,2026-03-23 15:09:28.221243
bordeaux,2026-03-26 11:00:00,11.0,15.9,0.0,2026-03-23 15:09:28.221243
bordeaux,2026-03-26 12:00:00,11.9,17.3,0.0,2026-03-23 15:09:28.221243
bordeaux,2026-03-26 13:00:00,12.4,18.4,0.0,2026-03-23 15:09:28.221243
bordeaux,2026-03-26 14:00:00,12.6,19.1,0.0,2026-03-23 15:09:28.221243
bordeaux,2026-03-26 15:00:00,12.5,18.9,0.0,2026-03-23 15:09:28.221243
bordeaux,2026-03-26 16:00:00,12.0,18.1,0.0,2026-03-23 15:09:28.221243
bordeaux,2026-03-26 17:00:00,11.2,16.9,0.0,2026-03-23 15:09:28.221243
bordeaux,2026-03-26 18:00:00,10.3,15.5,0.0,2026-03-23 15:09:28.221243
bordeaux,2026-03-26 19:00:00,9.2,13.5,0.0,2026-03-23 15:09:28.221243
bordeaux,2026-03-26 20:00:00,8.1,11.1,0.0,2026-03-23 15:09:28.221243
bordeaux,2026-03-26 21:00:00,7.2,9.3,0.0,2026-03-23 15:09:28.221243
bordeaux,2026-03-26 22:00:00,6.7,8.7,0.0,2026-03-23 15:09:28.221243
bordeaux,2026-03-26 23:00:00,6.5,8.9,0.0,2026-03-23 15:09:28.221243
bordeaux,2026-03-27 00:00:00,6.1,9.8,0.0,2026-03-23 15:09:28.221243
bordeaux,2026-03-27 01:00:00,5.3,9.4,0.0,2026-03-23 15:09:28.221243
bordeaux,2026-03-27 02:00:00,4.3,8.3,0.0,2026-03-23 15:09:28.221243
bordeaux,2026-03-27 03:00:00,3.5,7.2,0.0,2026-03-23 15:09:28.221243
bordeaux,2026-03-27 04:00:00,2.6,6.1,0.0,2026-03-23 15:09:28.221243
bordeaux,2026-03-27 05:00:00,1.7,5.4,0.0,2026-03-23 15:09:28.221243
bordeaux,2026-03-27 06:00:00,1.7,5.1,0.0,2026-03-23 15:09:28.221243
bordeaux,2026-03-27 07:00:00,3.0,6.2,0.0,2026-03-23 15:09:28.221243
bordeaux,2026-03-27 08:00:00,5.1,7.9,0.0,2026-03-23 15:09:28.221243
bordeaux,2026-03-27 09:00:00,7.0,9.5,0.0,2026-03-23 15:09:28.221243
bordeaux,2026-03-27 10:00:00,8.6,10.5,0.0,2026-03-23 15:09:28.221243
bordeaux,2026-03-27 11:00:00,10.1,11.4,0.0,2026-03-23 15:09:28.221243
bordeaux,2026-03-27 12:00:00,11.3,12.6,0.0,2026-03-23 15:09:28.221243
bordeaux,2026-03-27 13:00:00,12.1,14.0,0.0,2026-03-23 15:09:28.221243
bordeaux,2026-03-27 14:00:00,12.5,15.5,0.0,2026-03-23 15:09:28.221243
bordeaux,2026-03-27 15:00:00,12.7,15.8,0.0,2026-03-23 15:09:28.221243
bordeaux,2026-03-27 16:00:00,12.6,14.8,0.0,2026-03-23 15:09:28.221243
bordeaux,2026-03-27 17:00:00,12.2,12.6,0.0,2026-03-23 15:09:28.221243
bordeaux,2026-03-27 18:00:00,11.5,10.9,0.0,2026-03-23 15:09:28.221243
bordeaux,2026-03-27 19:00:00,10.3,10.1,0.0,2026-03-23 15:09:28.221243
bordeaux,2026-03-27 20:00:00,8.9,9.7,0.0,2026-03-23 15:09:28.221243
bordeaux,2026-03-27 21:00:00,7.8,8.8,0.0,2026-03-23 15:09:28.221243
bordeaux,2026-03-27 22:00:00,7.4,6.9,0.0,2026-03-23 15:09:28.221243
bordeaux,2026-03-27 23:00:00,7.3,4.7,0.0,2026-03-23 15:09:28.221243
bordeaux,2026-03-28 00:00:00,7.4,3.3,0.0,2026-03-23 15:09:28.221243
bordeaux,2026-03-28 01:00:00,7.6,2.5,0.0,2026-03-23 15:09:28.221243
bordeaux,2026-03-28 02:00:00,7.8,2.4,0.0,2026-03-23 15:09:28.221243
bordeaux,2026-03-28 03:00:00,8.1,2.5,0.0,2026-03-23 15:09:28.221243
bordeaux,2026-03-28 04:00:00,8.3,3.6,0.0,2026-03-23 15:09:28.221243
bordeaux,2026-03-28 05:00:00,8.4,4.4,0.0,2026-03-23 15:09:28.221243
bordeaux,2026-03-28 06:00:00,8.5,5.0,0.0,2026-03-23 15:09:28.221243
bordeaux,2026-03-28 07:00:00,9.6,7.2,0.0,2026-03-23 15:09:28.221243
bordeaux,2026-03-28 08:00:00,11.0,11.3,0.0,2026-03-23 15:09:28.221243
bordeaux,2026-03-28 09:00:00,12.2,15.0,0.0,2026-03-23 15:09:28.221243
bordeaux,2026-03-28 10:00:00,12.7,16.6,0.2,2026-03-23 15:09:28.221243
bordeaux,2026-03-28 11:00:00,13.0,17.1,0.2,2026-03-23 15:09:28.221243
bordeaux,2026-03-28 12:00:00,13.1,17.6,0.2,2026-03-23 15:09:28.221243
bordeaux,2026-03-28 13:00:00,13.0,17.9,0.3,2026-03-23 15:09:28.221243
bordeaux,2026-03-28 14:00:00,12.7,18.0,0.3,2026-03-23 15:09:28.221243
bordeaux,2026-03-28 15:00:00,12.5,17.7,0.3,2026-03-23 15:09:28.221243
bordeaux,2026-03-28 16:00:00,12.6,17.1,0.2,2026-03-23 15:09:28.221243
bordeaux,2026-03-28 17:00:00,12.8,17.4,0.2,2026-03-23 15:09:28.221243
bordeaux,2026-03-28 18:00:00,12.5,18.4,0.2,2026-03-23 15:09:28.221243
bordeaux,2026-03-28 19:00:00,11.3,18.9,0.0,2026-03-23 15:09:28.221243
bordeaux,2026-03-28 20:00:00,9.7,18.4,0.0,2026-03-23 15:09:28.221243
bordeaux,2026-03-28 21:00:00,8.2,17.4,0.0,2026-03-23 15:09:28.221243
bordeaux,2026-03-28 22:00:00,7.2,15.7,0.0,2026-03-23 15:09:28.221243
bordeaux,2026-03-28 23:00:00,6.4,14.0,0.0,2026-03-23 15:09:28.221243
bordeaux,2026-03-29 00:00:00,5.7,12.6,0.0,2026-03-23 15:09:28.221243
bordeaux,2026-03-29 01:00:00,5.1,11.3,0.0,2026-03-23 15:09:28.221243
bordeaux,2026-03-29 02:00:00,4.6,10.3,0.0,2026-03-23 15:09:28.221243
bordeaux,2026-03-29 03:00:00,4.1,9.5,0.0,2026-03-23 15:09:28.221243
bordeaux,2026-03-29 04:00:00,3.5,9.0,0.0,2026-03-23 15:09:28.221243
bordeaux,2026-03-29 05:00:00,3.0,8.5,0.0,2026-03-23 15:09:28.221243
bordeaux,2026-03-29 06:00:00,3.3,9.0,0.0,2026-03-23 15:09:28.221243
bordeaux,2026-03-29 07:00:00,4.8,11.0,0.0,2026-03-23 15:09:28.221243
bordeaux,2026-03-29 08:00:00,7.1,13.9,0.0,2026-03-23 15:09:28.221243
bordeaux,2026-03-29 09:00:00,9.1,15.8,0.0,2026-03-23 15:09:28.221243
bordeaux,2026-03-29 10:00:00,10.5,16.5,0.0,2026-03-23 15:09:28.221243
bordeaux,2026-03-29 11:00:00,11.6,16.4,0.0,2026-03-23 15:09:28.221243
bordeaux,2026-03-29 12:00:00,12.4,16.5,0.0,2026-03-23 15:09:28.221243
bordeaux,2026-03-29 13:00:00,12.5,17.1,0.0,2026-03-23 15:09:28.221243
bordeaux,2026-03-29 14:00:00,12.3,18.3,0.0,2026-03-23 15:09:28.221243
bordeaux,2026-03-29 15:00:00,11.9,18.5,0.0,2026-03-23 15:09:28.221243
bordeaux,2026-03-29 16:00:00,11.5,17.5,0.0,2026-03-23 15:09:28.221243
bordeaux,2026-03-29 17:00:00,10.9,15.6,0.0,2026-03-23 15:09:28.221243
bordeaux,2026-03-29 18:00:00,10.4,14.1,0.0,2026-03-23 15:09:28.221243
bordeaux,2026-03-29 19:00:00,10.2,13.3,0.0,2026-03-23 15:09:28.221243
bordeaux,2026-03-29 20:00:00,10.2,13.0,0.0,2026-03-23 15:09:28.221243
bordeaux,2026-03-29 21:00:00,10.2,13.3,0.0,2026-03-23 15:09:28.221243
bordeaux,2026-03-29 22:00:00,10.1,14.6,0.2,2026-03-23 15:09:28.221243
bordeaux,2026-03-29 23:00:00,10.1,16.4,0.2,2026-03-23 15:09:28.221243
lille,2026-03-23 00:00:00,5.5,6.5,0.0,2026-03-23 15:09:28.230236
lille,2026-03-23 01:00:00,5.5,5.0,0.0,2026-03-23 15:09:28.230236
lille,2026-03-23 02:00:00,5.0,5.4,0.0,2026-03-23 15:09:28.230236
lille,2026-03-23 03:00:00,5.5,4.7,0.0,2026-03-23 15:09:28.230236
lille,2026-03-23 04:00:00,4.9,4.7,0.0,2026-03-23 15:09:28.230236
lille,2026-03-23 05:00:00,5.0,3.2,0.0,2026-03-23 15:09:28.230236
lille,2026-03-23 06:00:00,4.3,5.0,0.0,2026-03-23 15:09:28.230236
lille,2026-03-23 07:00:00,4.0,3.2,0.0,2026-03-23 15:09:28.230236
lille,2026-03-23 08:00:00,5.9,2.5,0.0,2026-03-23 15:09:28.230236
lille,2026-03-23 09:00:00,9.0,7.2,0.0,2026-03-23 15:09:28.230236
lille,2026-03-23 10:00:00,8.6,6.5,0.0,2026-03-23 15:09:28.230236
lille,2026-03-23 11:00:00,12.6,3.6,0.0,2026-03-23 15:09:28.230236
lille,2026-03-23 12:00:00,13.4,6.5,0.0,2026-03-23 15:09:28.230236
lille,2026-03-23 13:00:00,14.3,6.1,0.0,2026-03-23 15:09:28.230236
lille,2026-03-23 14:00:00,14.8,6.5,0.0,2026-03-23 15:09:28.230236
lille,2026-03-23 15:00:00,14.9,6.8,0.0,2026-03-23 15:09:28.230236
lille,2026-03-23 16:00:00,14.7,6.5,0.0,2026-03-23 15:09:28.230236
lille,2026-03-23 17:00:00,14.1,6.8,0.0,2026-03-23 15:09:28.230236
lille,2026-03-23 18:00:00,13.0,3.6,0.0,2026-03-23 15:09:28.230236
lille,2026-03-23 19:00:00,12.0,8.6,0.0,2026-03-23 15:09:28.230236
lille,2026-03-23 20:00:00,10.0,3.6,0.0,2026-03-23 15:09:28.230236
lille,2026-03-23 21:00:00,9.7,4.0,0.0,2026-03-23 15:09:28.230236
lille,2026-03-23 22:00:00,9.5,6.5,0.0,2026-03-23 15:09:28.230236
lille,2026-03-23 23:00:00,9.5,8.3,0.0,2026-03-23 15:09:28.230236
lille,2026-03-24 00:00:00,8.9,10.1,0.0,2026-03-23 15:09:28.230236
lille,2026-03-24 01:00:00,8.4,9.4,0.0,2026-03-23 15:09:28.230236
lille,2026-03-24 02:00:00,8.0,9.0,0.0,2026-03-23 15:09:28.230236
lille,2026-03-24 03:00:00,7.8,10.4,0.0,2026-03-23 15:09:28.230236
lille,2026-03-24 04:00:00,7.5,11.9,0.0,2026-03-23 15:09:28.230236
lille,2026-03-24 05:00:00,7.2,11.9,0.0,2026-03-23 15:09:28.230236
lille,2026-03-24 06:00:00,7.1,12.2,0.0,2026-03-23 15:09:28.230236
lille,2026-03-24 07:00:00,7.9,12.6,0.0,2026-03-23 15:09:28.230236
lille,2026-03-24 08:00:00,9.4,12.2,0.0,2026-03-23 15:09:28.230236
lille,2026-03-24 09:00:00,10.6,14.4,0.0,2026-03-23 15:09:28.230236
lille,2026-03-24 10:00:00,11.6,15.5,0.0,2026-03-23 15:09:28.230236
lille,2026-03-24 11:00:00,12.2,16.2,0.0,2026-03-23 15:09:28.230236
lille,2026-03-24 12:00:00,12.6,17.6,0.0,2026-03-23 15:09:28.230236
lille,2026-03-24 13:00:00,12.9,17.3,0.0,2026-03-23 15:09:28.230236
lille,2026-03-24 14:00:00,13.4,18.0,0.0,2026-03-23 15:09:28.230236
lille,2026-03-24 15:00:00,13.7,16.6,0.0,2026-03-23 15:09:28.230236
lille,2026-03-24 16:00:00,13.7,18.4,0.0,2026-03-23 15:09:28.230236
lille,2026-03-24 17:00:00,13.3,18.7,0.0,2026-03-23 15:09:28.230236
lille,2026-03-24 18:00:00,12.5,16.6,0.0,2026-03-23 15:09:28.230236
lille,2026-03-24 19:00:00,11.4,17.3,0.0,2026-03-23 15:09:28.230236
lille,2026-03-24 20:00:00,10.2,15.5,0.0,2026-03-23 15:09:28.230236
lille,2026-03-24 21:00:00,9.9,14.4,0.0,2026-03-23 15:09:28.230236
lille,2026-03-24 22:00:00,10.8,23.8,0.0,2026-03-23 15:09:28.230236
lille,2026-03-24 23:00:00,10.9,29.2,0.0,2026-03-23 15:09:28.230236
lille,2026-03-25 00:00:00,10.9,29.5,0.0,2026-03-23 15:09:28.230236
lille,2026-03-25 01:00:00,10.6,31.3,0.2,2026-03-23 15:09:28.230236
lille,2026-03-25 02:00:00,9.4,34.9,0.9,2026-03-23 15:09:28.230236
lille,2026-03-25 03:00:00,8.3,30.6,0.0,2026-03-23 15:09:28.230236
lille,2026-03-25 04:00:00,8.0,31.7,0.0,2026-03-23 15:09:28.230236
lille,2026-03-25 05:00:00,7.7,29.9,0.0,2026-03-23 15:09:28.230236
lille,2026-03-25 06:00:00,7.3,26.3,0.0,2026-03-23 15:09:28.230236
lille,2026-03-25 07:00:00,6.8,19.8,0.4,2026-03-23 15:09:28.230236
lille,2026-03-25 08:00:00,7.4,23.8,0.0,2026-03-23 15:09:28.230236
lille,2026-03-25 09:00:00,7.0,22.0,0.0,2026-03-23 15:09:28.230236
lille,2026-03-25 10:00:00,7.3,24.5,0.0,2026-03-23 15:09:28.230236
lille,2026-03-25 11:00:00,7.0,22.3,0.2,2026-03-23 15:09:28.230236
lille,2026-03-25 12:00:00,8.1,22.3,0.1,2026-03-23 15:09:28.230236
lille,2026-03-25 13:00:00,8.0,22.7,0.1,2026-03-23 15:09:28.230236
lille,2026-03-25 14:00:00,6.9,26.6,0.1,2026-03-23 15:09:28.230236
lille,2026-03-25 15:00:00,7.2,21.2,0.1,2026-03-23 15:09:28.230236
lille,2026-03-25 16:00:00,6.8,19.4,1.1,2026-03-23 15:09:28.230236
lille,2026-03-25 17:00:00,7.3,22.7,0.0,2026-03-23 15:09:28.230236
lille,2026-03-25 18:00:00,4.7,17.6,0.1,2026-03-23 15:09:28.230236
lille,2026-03-25 19:00:00,4.8,16.9,0.0,2026-03-23 15:09:28.230236
lille,2026-03-25 20:00:00,5.3,14.8,0.4,2026-03-23 15:09:28.230236
lille,2026-03-25 21:00:00,5.0,16.9,0.0,2026-03-23 15:09:28.230236
lille,2026-03-25 22:00:00,4.3,14.1,0.43,2026-03-23 15:09:28.230236
lille,2026-03-25 23:00:00,3.8,11.6,0.0,2026-03-23 15:09:28.230236
lille,2026-03-26 00:00:00,3.4,13.6,0.58,2026-03-23 15:09:28.230236
lille,2026-03-26 01:00:00,3.0,14.4,0.0,2026-03-23 15:09:28.230236
lille,2026-03-26 02:00:00,1.9,10.6,1.2,2026-03-23 15:09:28.230236
lille,2026-03-26 03:00:00,1.1,13.4,4.0,2026-03-23 15:09:28.230236
lille,2026-03-26 04:00:00,1.4,14.2,0.0,2026-03-23 15:09:28.230236
lille,2026-03-26 05:00:00,2.2,17.4,0.7,2026-03-23 15:09:28.230236
lille,2026-03-26 06:00:00,2.2,16.4,0.0,2026-03-23 15:09:28.230236
lille,2026-03-26 07:00:00,2.4,14.3,0.0,2026-03-23 15:09:28.230236
lille,2026-03-26 08:00:00,3.2,17.8,0.0,2026-03-23 15:09:28.230236
lille,2026-03-26 09:00:00,3.5,16.4,0.3,2026-03-23 15:09:28.230236
lille,2026-03-26 10:00:00,4.6,19.9,0.1,2026-03-23 15:09:28.230236
lille,2026-03-26 11:00:00,5.6,20.7,0.2,2026-03-23 15:09:28.230236
lille,2026-03-26 12:00:00,5.6,21.3,0.0,2026-03-23 15:09:28.230236
lille,2026-03-26 13:00:00,6.6,23.9,0.0,2026-03-23 15:09:28.230236
lille,2026-03-26 14:00:00,6.2,21.0,0.3,2026-03-23 15:09:28.230236
lille,2026-03-26 15:00:00,5.8,22.2,0.1,2026-03-23 15:09:28.230236
lille,2026-03-26 16:00:00,5.7,18.6,0.0,2026-03-23 15:09:28.230236
lille,2026-03-26 17:00:00,5.2,18.5,0.1,2026-03-23 15:09:28.230236
lille,2026-03-26 18:00:00,4.4,17.1,0.0,2026-03-23 15:09:28.230236
lille,2026-03-26 19:00:00,3.8,15.3,0.0,2026-03-23 15:09:28.230236
lille,2026-03-26 20:00:00,3.6,15.0,0.0,2026-03-23 15:09:28.230236
lille,2026-03-26 21:00:00,3.5,13.5,0.0,2026-03-23 15:09:28.230236
lille,2026-03-26 22:00:00,3.0,9.8,0.0,2026-03-23 15:09:28.230236
lille,2026-03-26 23:00:00,2.0,7.1,0.0,2026-03-23 15:09:28.230236
lille,2026-03-27 00:00:00,1.5,7.1,0.0,2026-03-23 15:09:28.230236
lille,2026-03-27 01:00:00,1.1,7.0,0.0,2026-03-23 15:09:28.230236
lille,2026-03-27 02:00:00,0.8,7.1,0.0,2026-03-23 15:09:28.230236
lille,2026-03-27 03:00:00,0.6,6.7,0.0,2026-03-23 15:09:28.230236
lille,2026-03-27 04:00:00,0.0,6.0,0.0,2026-03-23 15:09:28.230236
lille,2026-03-27 05:00:00,-0.5,5.4,0.0,2026-03-23 15:09:28.230236
lille,2026-03-27 06:00:00,-0.2,5.3,0.0,2026-03-23 15:09:28.230236
lille,2026-03-27 07:00:00,1.5,5.1,0.0,2026-03-23 15:09:28.230236
lille,2026-03-27 08:00:00,4.0,5.1,0.0,2026-03-23 15:09:28.230236
lille,2026-03-27 09:00:00,6.2,5.2,0.0,2026-03-23 15:09:28.230236
lille,2026-03-27 10:00:00,7.7,6.1,0.0,2026-03-23 15:09:28.230236
lille,2026-03-27 11:00:00,8.9,7.4,0.0,2026-03-23 15:09:28.230236
lille,2026-03-27 12:00:00,9.8,8.9,0.0,2026-03-23 15:09:28.230236
lille,2026-03-27 13:00:00,10.1,10.4,0.0,2026-03-23 15:09:28.230236
lille,2026-03-27 14:00:00,10.1,12.1,0.0,2026-03-23 15:09:28.230236
lille,2026-03-27 15:00:00,9.8,12.8,0.0,2026-03-23 15:09:28.230236
lille,2026-03-27 16:00:00,9.1,12.1,0.0,2026-03-23 15:09:28.230236
lille,2026-03-27 17:00:00,8.1,10.8,0.0,2026-03-23 15:09:28.230236
lille,2026-03-27 18:00:00,7.3,9.9,0.0,2026-03-23 15:09:28.230236
lille,2026-03-27 19:00:00,6.9,10.3,0.2,2026-03-23 15:09:28.230236
lille,2026-03-27 20:00:00,6.7,11.5,0.2,2026-03-23 15:09:28.230236
lille,2026-03-27 21:00:00,6.5,12.3,0.2,2026-03-23 15:09:28.230236
lille,2026-03-27 22:00:00,6.4,13.1,0.5,2026-03-23 15:09:28.230236
lille,2026-03-27 23:00:00,6.3,13.4,0.5,2026-03-23 15:09:28.230236
lille,2026-03-28 00:00:00,6.3,11.5,0.5,2026-03-23 15:09:28.230236
lille,2026-03-28 01:00:00,6.5,6.5,0.5,2026-03-23 15:09:28.230236
lille,2026-03-28 02:00:00,6.7,10.3,0.5,2026-03-23 15:09:28.230236
lille,2026-03-28 03:00:00,6.8,17.2,0.5,2026-03-23 15:09:28.230236
lille,2026-03-28 04:00:00,6.6,19.3,0.1,2026-03-23 15:09:28.230236
lille,2026-03-28 05:00:00,6.2,18.9,0.1,2026-03-23 15:09:28.230236
lille,2026-03-28 06:00:00,6.1,18.5,0.1,2026-03-23 15:09:28.230236
lille,2026-03-28 07:00:00,6.6,19.0,0.0,2026-03-23 15:09:28.230236
lille,2026-03-28 08:00:00,7.4,19.6,0.0,2026-03-23 15:09:28.230236
lille,2026-03-28 09:00:00,8.1,20.3,0.0,2026-03-23 15:09:28.230236
lille,2026-03-28 10:00:00,8.6,21.2,0.0,2026-03-23 15:09:28.230236
lille,2026-03-28 11:00:00,8.9,22.2,0.0,2026-03-23 15:09:28.230236
lille,2026-03-28 12:00:00,9.1,22.9,0.0,2026-03-23 15:09:28.230236
lille,2026-03-28 13:00:00,9.1,23.5,0.0,2026-03-23 15:09:28.230236
lille,2026-03-28 14:00:00,9.0,23.8,0.0,2026-03-23 15:09:28.230236
lille,2026-03-28 15:00:00,8.7,23.3,0.0,2026-03-23 15:09:28.230236
lille,2026-03-28 16:00:00,8.1,21.3,0.0,2026-03-23 15:09:28.230236
lille,2026-03-28 17:00:00,7.2,18.4,0.0,2026-03-23 15:09:28.230236
lille,2026-03-28 18:00:00,6.4,16.0,0.0,2026-03-23 15:09:28.230236
lille,2026-03-28 19:00:00,5.7,14.5,0.0,2026-03-23 15:09:28.230236
lille,2026-03-28 20:00:00,5.0,13.6,0.0,2026-03-23 15:09:28.230236
lille,2026-03-28 21:00:00,4.4,12.7,0.0,2026-03-23 15:09:28.230236
lille,2026-03-28 22:00:00,4.0,11.8,0.0,2026-03-23 15:09:28.230236
lille,2026-03-28 23:00:00,3.6,10.8,0.0,2026-03-23 15:09:28.230236
lille,2026-03-29 00:00:00,3.3,10.1,0.0,2026-03-23 15:09:28.230236
lille,2026-03-29 01:00:00,3.0,9.5,0.0,2026-03-23 15:09:28.230236
lille,2026-03-29 02:00:00,2.9,9.0,0.0,2026-03-23 15:09:28.230236
lille,2026-03-29 03:00:00,2.7,8.4,0.0,2026-03-23 15:09:28.230236
lille,2026-03-29 04:00:00,2.2,7.0,0.0,2026-03-23 15:09:28.230236
lille,2026-03-29 05:00:00,1.8,5.6,0.0,2026-03-23 15:09:28.230236
lille,2026-03-29 06:00:00,1.5,4.7,0.0,2026-03-23 15:09:28.230236
lille,2026-03-29 07:00:00,1.5,4.4,0.0,2026-03-23 15:09:28.230236
lille,2026-03-29 08:00:00,3.2,4.4,0.0,2026-03-23 15:09:28.230236
lille,2026-03-29 09:00:00,5.3,4.6,0.0,2026-03-23 15:09:28.230236
lille,2026-03-29 10:00:00,7.4,5.0,0.0,2026-03-23 15:09:28.230236
lille,2026-03-29 11:00:00,9.1,5.6,0.0,2026-03-23 15:09:28.230236
lille,2026-03-29 12:00:00,10.3,6.4,0.0,2026-03-23 15:09:28.230236
lille,2026-03-29 13:00:00,10.8,7.7,0.0,2026-03-23 15:09:28.230236
lille,2026-03-29 14:00:00,10.7,9.4,0.0,2026-03-23 15:09:28.230236
lille,2026-03-29 15:00:00,10.4,11.3,0.0,2026-03-23 15:09:28.230236
lille,2026-03-29 16:00:00,9.9,13.2,0.0,2026-03-23 15:09:28.230236
lille,2026-03-29 17:00:00,9.4,14.4,0.0,2026-03-23 15:09:28.230236
lille,2026-03-29 18:00:00,8.9,15.0,0.0,2026-03-23 15:09:28.230236
lille,2026-03-29 19:00:00,8.6,14.6,0.0,2026-03-23 15:09:28.230236
lille,2026-03-29 20:00:00,8.2,13.9,0.0,2026-03-23 15:09:28.230236
lille,2026-03-29 21:00:00,7.8,13.0,0.0,2026-03-23 15:09:28.230236
lille,2026-03-29 22:00:00,7.4,12.7,0.0,2026-03-23 15:09:28.230236
lille,2026-03-29 23:00:00,7.1,12.7,0.0,2026-03-23 15:09:28.230236
london,2026-03-23 00:00:00,9.4,4.7,0.0,2026-03-23 15:09:28.234680
london,2026-03-23 01:00:00,8.8,4.7,0.0,2026-03-23 15:09:28.234680
london,2026-03-23 02:00:00,7.7,2.5,0.0,2026-03-23 15:09:28.234680
london,2026-03-23 03:00:00,7.2,4.0,0.0,2026-03-23 15:09:28.234680
london,2026-03-23 04:00:00,6.7,4.7,0.0,2026-03-23 15:09:28.234680
london,2026-03-23 05:00:00,6.0,3.2,0.0,2026-03-23 15:09:28.234680
london,2026-03-23 06:00:00,5.6,2.2,0.0,2026-03-23 15:09:28.234680
london,2026-03-23 07:00:00,5.8,0.7,0.0,2026-03-23 15:09:28.234680
london,2026-03-23 08:00:00,6.8,0.4,0.0,2026-03-23 15:09:28.234680
london,2026-03-23 09:00:00,8.1,1.1,0.0,2026-03-23 15:09:28.234680
london,2026-03-23 10:00:00,9.7,2.2,0.0,2026-03-23 15:09:28.234680
london,2026-03-23 11:00:00,11.1,4.7,0.0,2026-03-23 15:09:28.234680
london,2026-03-23 12:00:00,11.9,1.4,0.0,2026-03-23 15:09:28.234680
london,2026-03-23 13:00:00,12.7,0.4,0.0,2026-03-23 15:09:28.234680
london,2026-03-23 14:00:00,14.1,4.0,0.0,2026-03-23 15:09:28.234680
london,2026-03-23 15:00:00,14.9,9.4,0.0,2026-03-23 15:09:28.234680
london,2026-03-23 16:00:00,15.1,8.3,0.0,2026-03-23 15:09:28.234680
london,2026-03-23 17:00:00,15.4,9.7,0.0,2026-03-23 15:09:28.234680
london,2026-03-23 18:00:00,15.0,11.2,0.0,2026-03-23 15:09:28.234680
london,2026-03-23 19:00:00,13.4,15.1,0.0,2026-03-23 15:09:28.234680
london,2026-03-23 20:00:00,12.3,14.0,0.0,2026-03-23 15:09:28.234680
london,2026-03-23 21:00:00,11.6,14.0,0.0,2026-03-23 15:09:28.234680
london,2026-03-23 22:00:00,11.0,14.0,0.0,2026-03-23 15:09:28.234680
london,2026-03-23 23:00:00,10.4,13.3,0.0,2026-03-23 15:09:28.234680
london,2026-03-24 00:00:00,10.0,14.0,0.0,2026-03-23 15:09:28.234680
london,2026-03-24 01:00:00,10.0,14.8,0.0,2026-03-23 15:09:28.234680
london,2026-03-24 02:00:00,10.1,14.8,0.0,2026-03-23 15:09:28.234680
london,2026-03-24 03:00:00,10.3,14.4,0.0,2026-03-23 15:09:28.234680
london,2026-03-24 04:00:00,10.2,15.8,0.0,2026-03-23 15:09:28.234680
london,2026-03-24 05:00:00,10.0,15.5,0.0,2026-03-23 15:09:28.234680
london,2026-03-24 06:00:00,9.8,14.4,0.0,2026-03-23 15:09:28.234680
london,2026-03-24 07:00:00,9.9,15.8,0.0,2026-03-23 15:09:28.234680
london,2026-03-24 08:00:00,10.4,17.6,0.0,2026-03-23 15:09:28.234680
london,2026-03-24 09:00:00,11.1,18.0,0.0,2026-03-23 15:09:28.234680
london,2026-03-24 10:00:00,11.9,19.4,0.0,2026-03-23 15:09:28.234680
london,2026-03-24 11:00:00,12.2,19.4,0.0,2026-03-23 15:09:28.234680
london,2026-03-24 12:00:00,12.9,19.4,0.0,2026-03-23 15:09:28.234680
london,2026-03-24 13:00:00,13.7,20.2,0.0,2026-03-23 15:09:28.234680
london,2026-03-24 14:00:00,13.3,24.5,0.0,2026-03-23 15:09:28.234680
london,2026-03-24 15:00:00,13.2,24.5,0.0,2026-03-23 15:09:28.234680
london,2026-03-24 16:00:00,12.7,27.0,0.0,2026-03-23 15:09:28.234680
london,2026-03-24 17:00:00,12.2,28.1,0.0,2026-03-23 15:09:28.234680
london,2026-03-24 18:00:00,11.7,28.1,0.0,2026-03-23 15:09:28.234680
london,2026-03-24 19:00:00,11.4,25.6,0.0,2026-03-23 15:09:28.234680
london,2026-03-24 20:00:00,11.3,28.4,0.0,2026-03-23 15:09:28.234680
london,2026-03-24 21:00:00,11.1,26.6,0.1,2026-03-23 15:09:28.234680
london,2026-03-24 22:00:00,10.4,27.7,0.7,2026-03-23 15:09:28.234680
london,2026-03-24 23:00:00,9.9,25.2,0.1,2026-03-23 15:09:28.234680
london,2026-03-25 00:00:00,9.1,21.6,0.1,2026-03-23 15:09:28.234680
london,2026-03-25 01:00:00,7.7,23.4,0.3,2026-03-23 15:09:28.234680
london,2026-03-25 02:00:00,7.2,24.1,0.0,2026-03-23 15:09:28.234680
london,2026-03-25 03:00:00,6.7,21.2,0.0,2026-03-23 15:09:28.234680
london,2026-03-25 04:00:00,6.6,19.1,0.0,2026-03-23 15:09:28.234680
london,2026-03-25 05:00:00,6.3,22.7,0.0,2026-03-23 15:09:28.234680
london,2026-03-25 06:00:00,6.1,20.2,0.0,2026-03-23 15:09:28.234680
london,2026-03-25 07:00:00,4.5,15.5,1.4,2026-03-23 15:09:28.234680
london,2026-03-25 08:00:00,4.9,20.5,0.2,2026-03-23 15:09:28.234680
london,2026-03-25 09:00:00,5.8,25.6,0.0,2026-03-23 15:09:28.234680
london,2026-03-25 10:00:00,6.6,26.6,0.0,2026-03-23 15:09:28.234680
london,2026-03-25 11:00:00,7.7,25.6,0.0,2026-03-23 15:09:28.234680
london,2026-03-25 12:00:00,8.1,28.1,0.0,2026-03-23 15:09:28.234680
london,2026-03-25 13:00:00,8.0,27.2,0.08,2026-03-23 15:09:28.234680
london,2026-03-25 14:00:00,8.6,26.5,0.1,2026-03-23 15:09:28.234680
london,2026-03-25 15:00:00,8.8,25.7,0.0,2026-03-23 15:09:28.234680
london,2026-03-25 16:00:00,8.6,25.2,0.0,2026-03-23 15:09:28.234680
london,2026-03-25 17:00:00,8.2,23.8,0.0,2026-03-23 15:09:28.234680
london,2026-03-25 18:00:00,8.0,22.7,0.0,2026-03-23 15:09:28.234680
london,2026-03-25 19:00:00,7.5,21.2,0.0,2026-03-23 15:09:28.234680
london,2026-03-25 20:00:00,7.0,19.4,0.0,2026-03-23 15:09:28.234680
london,2026-03-25 21:00:00,6.5,18.0,0.0,2026-03-23 15:09:28.234680
london,2026-03-25 22:00:00,6.2,16.9,0.0,2026-03-23 15:09:28.234680
london,2026-03-25 23:00:00,6.0,16.2,0.0,2026-03-23 15:09:28.234680
london,2026-03-26 00:00:00,5.8,15.5,0.0,2026-03-23 15:09:28.234680
london,2026-03-26 01:00:00,5.7,15.5,0.0,2026-03-23 15:09:28.234680
london,2026-03-26 02:00:00,5.6,15.5,0.0,2026-03-23 15:09:28.234680
london,2026-03-26 03:00:00,5.3,15.5,0.0,2026-03-23 15:09:28.234680
london,2026-03-26 04:00:00,4.7,14.4,0.0,2026-03-23 15:09:28.234680
london,2026-03-26 05:00:00,4.0,13.0,0.0,2026-03-23 15:09:28.234680
london,2026-03-26 06:00:00,3.6,11.9,0.0,2026-03-23 15:09:28.234680
london,2026-03-26 07:00:00,3.7,11.9,0.0,2026-03-23 15:09:28.234680
london,2026-03-26 08:00:00,4.0,12.2,0.0,2026-03-23 15:09:28.234680
london,2026-03-26 09:00:00,4.6,13.0,0.0,2026-03-23 15:09:28.234680
london,2026-03-26 10:00:00,5.4,14.8,0.0,2026-03-23 15:09:28.234680
london,2026-03-26 11:00:00,6.3,16.9,0.0,2026-03-23 15:09:28.234680
london,2026-03-26 12:00:00,7.0,18.4,0.0,2026-03-23 15:09:28.234680
london,2026-03-26 13:00:00,7.3,18.0,0.1,2026-03-23 15:09:28.234680
london,2026-03-26 14:00:00,7.2,16.6,0.1,2026-03-23 15:09:28.234680
london,2026-03-26 15:00:00,7.3,15.1,0.1,2026-03-23 15:09:28.234680
london,2026-03-26 16:00:00,7.5,14.4,0.0,2026-03-23 15:09:28.234680
london,2026-03-26 17:00:00,7.8,13.3,0.0,2026-03-23 15:09:28.234680
london,2026-03-26 18:00:00,7.9,12.2,0.0,2026-03-23 15:09:28.234680
london,2026-03-26 19:00:00,7.7,10.1,0.0,2026-03-23 15:09:28.234680
london,2026-03-26 20:00:00,7.4,7.6,0.0,2026-03-23 15:09:28.234680
london,2026-03-26 21:00:00,7.1,5.8,0.0,2026-03-23 15:09:28.234680
london,2026-03-26 22:00:00,6.7,5.4,0.0,2026-03-23 15:09:28.234680
london,2026-03-26 23:00:00,6.3,5.8,0.0,2026-03-23 15:09:28.234680
london,2026-03-27 00:00:00,6.0,6.1,0.0,2026-03-23 15:09:28.234680
london,2026-03-27 01:00:00,5.6,6.1,0.0,2026-03-23 15:09:28.234680
london,2026-03-27 02:00:00,5.3,6.5,0.0,2026-03-23 15:09:28.234680
london,2026-03-27 03:00:00,5.1,6.8,0.0,2026-03-23 15:09:28.234680
london,2026-03-27 04:00:00,5.0,7.6,0.0,2026-03-23 15:09:28.234680
london,2026-03-27 05:00:00,5.0,8.6,0.0,2026-03-23 15:09:28.234680
london,2026-03-27 06:00:00,5.2,9.4,0.0,2026-03-23 15:09:28.234680
london,2026-03-27 07:00:00,5.3,10.1,0.0,2026-03-23 15:09:28.234680
london,2026-03-27 08:00:00,5.5,10.8,0.0,2026-03-23 15:09:28.234680
london,2026-03-27 09:00:00,6.0,11.2,0.0,2026-03-23 15:09:28.234680
london,2026-03-27 10:00:00,7.1,11.5,0.1,2026-03-23 15:09:28.234680
london,2026-03-27 11:00:00,8.6,11.5,0.1,2026-03-23 15:09:28.234680
london,2026-03-27 12:00:00,9.9,11.2,0.1,2026-03-23 15:09:28.234680
london,2026-03-27 13:00:00,11.0,10.4,0.0,2026-03-23 15:09:28.234680
london,2026-03-27 14:00:00,11.9,9.7,0.0,2026-03-23 15:09:28.234680
london,2026-03-27 15:00:00,12.5,9.4,0.0,2026-03-23 15:09:28.234680
london,2026-03-27 16:00:00,12.7,10.1,0.1,2026-03-23 15:09:28.234680
london,2026-03-27 17:00:00,12.5,11.5,0.1,2026-03-23 15:09:28.234680
london,2026-03-27 18:00:00,12.3,12.2,0.1,2026-03-23 15:09:28.234680
london,2026-03-27 19:00:00,11.9,11.9,0.3,2026-03-23 15:09:28.234680
london,2026-03-27 20:00:00,11.5,10.8,0.3,2026-03-23 15:09:28.234680
london,2026-03-27 21:00:00,11.1,10.1,0.3,2026-03-23 15:09:28.234680
london,2026-03-27 22:00:00,11.0,10.1,0.9,2026-03-23 15:09:28.234680
london,2026-03-27 23:00:00,10.9,10.1,0.9,2026-03-23 15:09:28.234680
london,2026-03-28 00:00:00,10.7,10.1,0.9,2026-03-23 15:09:28.234680
london,2026-03-28 01:00:00,10.4,9.0,0.2,2026-03-23 15:09:28.234680
london,2026-03-28 02:00:00,10.0,7.2,0.2,2026-03-23 15:09:28.234680
london,2026-03-28 03:00:00,9.6,6.8,0.2,2026-03-23 15:09:28.234680
london,2026-03-28 04:00:00,9.0,8.6,0.0,2026-03-23 15:09:28.234680
london,2026-03-28 05:00:00,8.4,11.5,0.0,2026-03-23 15:09:28.234680
london,2026-03-28 06:00:00,7.9,13.7,0.0,2026-03-23 15:09:28.234680
london,2026-03-28 07:00:00,7.6,13.7,0.0,2026-03-23 15:09:28.234680
london,2026-03-28 08:00:00,7.4,12.2,0.0,2026-03-23 15:09:28.234680
london,2026-03-28 09:00:00,7.5,11.9,0.0,2026-03-23 15:09:28.234680
london,2026-03-28 10:00:00,8.2,13.0,0.0,2026-03-23 15:09:28.234680
london,2026-03-28 11:00:00,9.2,14.8,0.0,2026-03-23 15:09:28.234680
london,2026-03-28 12:00:00,9.9,15.8,0.0,2026-03-23 15:09:28.234680
london,2026-03-28 13:00:00,10.3,15.8,0.0,2026-03-23 15:09:28.234680
london,2026-03-28 14:00:00,10.4,15.5,0.0,2026-03-23 15:09:28.234680
london,2026-03-28 15:00:00,10.3,15.5,0.0,2026-03-23 15:09:28.234680
london,2026-03-28 16:00:00,10.0,16.2,0.0,2026-03-23 15:09:28.234680
london,2026-03-28 17:00:00,9.6,16.9,0.0,2026-03-23 15:09:28.234680
london,2026-03-28 18:00:00,9.1,16.9,0.0,2026-03-23 15:09:28.234680
london,2026-03-28 19:00:00,8.7,15.1,0.1,2026-03-23 15:09:28.234680
london,2026-03-28 20:00:00,8.3,13.0,0.1,2026-03-23 15:09:28.234680
london,2026-03-28 21:00:00,7.9,11.2,0.1,2026-03-23 15:09:28.234680
london,2026-03-28 22:00:00,7.5,13.7,0.0,2026-03-23 15:09:28.234680
london,2026-03-28 23:00:00,7.0,12.6,0.0,2026-03-23 15:09:28.234680
london,2026-03-29 00:00:00,6.5,11.9,0.0,2026-03-23 15:09:28.234680
london,2026-03-29 01:00:00,6.0,11.5,0.0,2026-03-23 15:09:28.234680
london,2026-03-29 02:00:00,5.4,10.8,0.0,2026-03-23 15:09:28.234680
london,2026-03-29 03:00:00,4.8,10.8,0.0,2026-03-23 15:09:28.234680
london,2026-03-29 04:00:00,4.2,10.4,0.0,2026-03-23 15:09:28.234680
london,2026-03-29 05:00:00,4.0,10.1,0.0,2026-03-23 15:09:28.234680
london,2026-03-29 06:00:00,4.0,9.7,0.0,2026-03-23 15:09:28.234680
london,2026-03-29 07:00:00,4.5,9.4,0.0,2026-03-23 15:09:28.234680
london,2026-03-29 08:00:00,5.5,8.6,0.0,2026-03-23 15:09:28.234680
london,2026-03-29 09:00:00,6.6,7.9,0.0,2026-03-23 15:09:28.234680
london,2026-03-29 10:00:00,7.8,7.6,0.0,2026-03-23 15:09:28.234680
london,2026-03-29 11:00:00,8.9,7.2,0.0,2026-03-23 15:09:28.234680
london,2026-03-29 12:00:00,9.8,7.6,0.0,2026-03-23 15:09:28.234680
london,2026-03-29 13:00:00,10.4,8.6,0.0,2026-03-23 15:09:28.234680
london,2026-03-29 14:00:00,11.1,10.1,0.0,2026-03-23 15:09:28.234680
london,2026-03-29 15:00:00,11.6,11.9,0.0,2026-03-23 15:09:28.234680
london,2026-03-29 16:00:00,12.0,13.7,0.0,2026-03-23 15:09:28.234680
london,2026-03-29 17:00:00,12.2,15.5,0.0,2026-03-23 15:09:28.234680
london,2026-03-29 18:00:00,12.3,16.9,0.0,2026-03-23 15:09:28.234680
london,2026-03-29 19:00:00,12.0,18.0,0.0,2026-03-23 15:09:28.234680
london,2026-03-29 20:00:00,11.4,18.7,0.0,2026-03-23 15:09:28.234680
london,2026-03-29 21:00:00,10.7,19.1,0.0,2026-03-23 15:09:28.234680
london,2026-03-29 22:00:00,9.9,19.4,0.0,2026-03-23 15:09:28.234680
london,2026-03-29 23:00:00,9.3,19.8,0.0,2026-03-23 15:09:28.234680
lyon,2026-03-23 00:00:00,6.1,1.1,0.0,2026-03-23 15:09:28.239052
lyon,2026-03-23 01:00:00,6.0,0.8,0.0,2026-03-23 15:09:28.239052
lyon,2026-03-23 02:00:00,5.8,1.8,0.0,2026-03-23 15:09:28.239052
lyon,2026-03-23 03:00:00,5.3,2.8,0.0,2026-03-23 15:09:28.239052
lyon,2026-03-23 04:00:00,5.0,2.9,0.0,2026-03-23 15:09:28.239052
lyon,2026-03-23 05:00:00,3.8,4.1,0.0,2026-03-23 15:09:28.239052
lyon,2026-03-23 06:00:00,3.0,0.4,0.0,2026-03-23 15:09:28.239052
lyon,2026-03-23 07:00:00,3.1,1.8,0.0,2026-03-23 15:09:28.239052
lyon,2026-03-23 08:00:00,5.0,0.8,0.0,2026-03-23 15:09:28.239052
lyon,2026-03-23 09:00:00,7.2,0.8,0.0,2026-03-23 15:09:28.239052
lyon,2026-03-23 10:00:00,9.2,4.3,0.0,2026-03-23 15:09:28.239052
lyon,2026-03-23 11:00:00,11.0,9.4,0.0,2026-03-23 15:09:28.239052
lyon,2026-03-23 12:00:00,12.8,7.4,0.0,2026-03-23 15:09:28.239052
lyon,2026-03-23 13:00:00,14.0,7.6,0.0,2026-03-23 15:09:28.239052
lyon,2026-03-23 14:00:00,14.5,10.2,0.0,2026-03-23 15:09:28.239052
lyon,2026-03-23 15:00:00,14.8,10.1,0.0,2026-03-23 15:09:28.239052
lyon,2026-03-23 16:00:00,15.0,12.2,0.0,2026-03-23 15:09:28.239052
lyon,2026-03-23 17:00:00,14.7,10.8,0.0,2026-03-23 15:09:28.239052
lyon,2026-03-23 18:00:00,14.0,7.7,0.0,2026-03-23 15:09:28.239052
lyon,2026-03-23 19:00:00,12.8,5.1,0.0,2026-03-23 15:09:28.239052
lyon,2026-03-23 20:00:00,12.0,6.0,0.0,2026-03-23 15:09:28.239052
lyon,2026-03-23 21:00:00,11.1,6.1,0.0,2026-03-23 15:09:28.239052
lyon,2026-03-23 22:00:00,10.4,5.6,0.0,2026-03-23 15:09:28.239052
lyon,2026-03-23 23:00:00,9.8,3.8,0.0,2026-03-23 15:09:28.239052
lyon,2026-03-24 00:00:00,9.1,2.3,0.0,2026-03-23 15:09:28.239052
lyon,2026-03-24 01:00:00,8.4,2.5,0.0,2026-03-23 15:09:28.239052
lyon,2026-03-24 02:00:00,7.9,1.3,0.0,2026-03-23 15:09:28.239052
lyon,2026-03-24 03:00:00,7.2,1.5,0.0,2026-03-23 15:09:28.239052
lyon,2026-03-24 04:00:00,6.6,0.8,0.0,2026-03-23 15:09:28.239052
lyon,2026-03-24 05:00:00,6.5,1.4,0.0,2026-03-23 15:09:28.239052
lyon,2026-03-24 06:00:00,5.8,0.8,0.0,2026-03-23 15:09:28.239052
lyon,2026-03-24 07:00:00,6.2,0.5,0.0,2026-03-23 15:09:28.239052
lyon,2026-03-24 08:00:00,8.0,0.5,0.0,2026-03-23 15:09:28.239052
lyon,2026-03-24 09:00:00,10.0,1.3,0.0,2026-03-23 15:09:28.239052
lyon,2026-03-24 10:00:00,12.1,3.0,0.0,2026-03-23 15:09:28.239052
lyon,2026-03-24 11:00:00,14.1,4.0,0.0,2026-03-23 15:09:28.239052
lyon,2026-03-24 12:00:00,15.5,5.9,0.0,2026-03-23 15:09:28.239052
lyon,2026-03-24 13:00:00,16.4,5.6,0.0,2026-03-23 15:09:28.239052
lyon,2026-03-24 14:00:00,17.1,4.6,0.0,2026-03-23 15:09:28.239052
lyon,2026-03-24 15:00:00,17.2,6.0,0.0,2026-03-23 15:09:28.239052
lyon,2026-03-24 16:00:00,17.1,5.5,0.0,2026-03-23 15:09:28.239052
lyon,2026-03-24 17:00:00,16.7,5.7,0.0,2026-03-23 15:09:28.239052
lyon,2026-03-24 18:00:00,15.5,6.9,0.0,2026-03-23 15:09:28.239052
lyon,2026-03-24 19:00:00,14.4,3.3,0.0,2026-03-23 15:09:28.239052
lyon,2026-03-24 20:00:00,13.2,2.4,0.0,2026-03-23 15:09:28.239052
lyon,2026-03-24 21:00:00,11.7,4.0,0.0,2026-03-23 15:09:28.239052
lyon,2026-03-24 22:00:00,10.7,4.7,0.0,2026-03-23 15:09:28.239052
lyon,2026-03-24 23:00:00,10.0,2.5,0.0,2026-03-23 15:09:28.239052
lyon,2026-03-25 00:00:00,9.5,3.4,0.0,2026-03-23 15:09:28.239052
lyon,2026-03-25 01:00:00,8.5,3.6,0.0,2026-03-23 15:09:28.239052
lyon,2026-03-25 02:00:00,8.1,3.7,0.0,2026-03-23 15:09:28.239052
lyon,2026-03-25 03:00:00,7.7,3.1,0.0,2026-03-23 15:09:28.239052
lyon,2026-03-25 04:00:00,7.5,0.8,0.0,2026-03-23 15:09:28.239052
lyon,2026-03-25 05:00:00,7.3,2.0,0.0,2026-03-23 15:09:28.239052
lyon,2026-03-25 06:00:00,7.0,1.8,0.0,2026-03-23 15:09:28.239052
lyon,2026-03-25 07:00:00,7.4,1.8,0.0,2026-03-23 15:09:28.239052
lyon,2026-03-25 08:00:00,8.9,1.5,0.0,2026-03-23 15:09:28.239052
lyon,2026-03-25 09:00:00,10.9,4.0,0.0,2026-03-23 15:09:28.239052
lyon,2026-03-25 10:00:00,13.7,4.9,0.0,2026-03-23 15:09:28.239052
lyon,2026-03-25 11:00:00,16.3,10.7,0.0,2026-03-23 15:09:28.239052
lyon,2026-03-25 12:00:00,14.9,20.3,0.15,2026-03-23 15:09:28.239052
lyon,2026-03-25 13:00:00,11.8,21.2,0.3,2026-03-23 15:09:28.239052
lyon,2026-03-25 14:00:00,13.1,20.3,0.0,2026-03-23 15:09:28.239052
lyon,2026-03-25 15:00:00,12.0,24.2,0.0,2026-03-23 15:09:28.239052
lyon,2026-03-25 16:00:00,11.0,24.7,0.0,2026-03-23 15:09:28.239052
lyon,2026-03-25 17:00:00,9.9,20.9,0.0,2026-03-23 15:09:28.239052
lyon,2026-03-25 18:00:00,8.5,17.6,0.0,2026-03-23 15:09:28.239052
lyon,2026-03-25 19:00:00,7.4,14.4,0.0,2026-03-23 15:09:28.239052
lyon,2026-03-25 20:00:00,6.5,12.5,0.0,2026-03-23 15:09:28.239052
lyon,2026-03-25 21:00:00,5.7,13.5,0.0,2026-03-23 15:09:28.239052
lyon,2026-03-25 22:00:00,4.9,13.0,0.0,2026-03-23 15:09:28.239052
lyon,2026-03-25 23:00:00,4.3,13.7,0.0,2026-03-23 15:09:28.239052
lyon,2026-03-26 00:00:00,3.9,16.3,0.0,2026-03-23 15:09:28.239052
lyon,2026-03-26 01:00:00,3.5,17.1,0.0,2026-03-23 15:09:28.239052
lyon,2026-03-26 02:00:00,3.3,17.8,0.0,2026-03-23 15:09:28.239052
lyon,2026-03-26 03:00:00,3.3,18.6,0.0,2026-03-23 15:09:28.239052
lyon,2026-03-26 04:00:00,3.3,19.9,0.0,2026-03-23 15:09:28.239052
lyon,2026-03-26 05:00:00,3.2,19.9,0.0,2026-03-23 15:09:28.239052
lyon,2026-03-26 06:00:00,3.0,19.9,0.0,2026-03-23 15:09:28.239052
lyon,2026-03-26 07:00:00,3.7,21.8,0.0,2026-03-23 15:09:28.239052
lyon,2026-03-26 08:00:00,4.6,25.0,0.1,2026-03-23 15:09:28.239052
lyon,2026-03-26 09:00:00,5.1,25.3,0.2,2026-03-23 15:09:28.239052
lyon,2026-03-26 10:00:00,5.9,26.1,0.2,2026-03-23 15:09:28.239052
lyon,2026-03-26 11:00:00,7.0,25.9,0.2,2026-03-23 15:09:28.239052
lyon,2026-03-26 12:00:00,7.8,25.3,0.2,2026-03-23 15:09:28.239052
lyon,2026-03-26 13:00:00,8.0,25.3,0.2,2026-03-23 15:09:28.239052
lyon,2026-03-26 14:00:00,7.8,24.8,0.2,2026-03-23 15:09:28.239052
lyon,2026-03-26 15:00:00,7.5,23.8,0.2,2026-03-23 15:09:28.239052
lyon,2026-03-26 16:00:00,7.0,20.9,0.2,2026-03-23 15:09:28.239052
lyon,2026-03-26 17:00:00,6.4,17.2,0.2,2026-03-23 15:09:28.239052
lyon,2026-03-26 18:00:00,5.8,14.9,0.2,2026-03-23 15:09:28.239052
lyon,2026-03-26 19:00:00,5.2,14.6,0.0,2026-03-23 15:09:28.239052
lyon,2026-03-26 20:00:00,4.6,15.7,0.0,2026-03-23 15:09:28.239052
lyon,2026-03-26 21:00:00,4.1,16.9,0.0,2026-03-23 15:09:28.239052
lyon,2026-03-26 22:00:00,3.9,17.2,0.0,2026-03-23 15:09:28.239052
lyon,2026-03-26 23:00:00,3.8,17.8,0.0,2026-03-23 15:09:28.239052
lyon,2026-03-27 00:00:00,3.6,18.3,0.0,2026-03-23 15:09:28.239052
lyon,2026-03-27 01:00:00,3.2,18.9,0.0,2026-03-23 15:09:28.239052
lyon,2026-03-27 02:00:00,2.7,19.4,0.0,2026-03-23 15:09:28.239052
lyon,2026-03-27 03:00:00,2.3,20.1,0.0,2026-03-23 15:09:28.239052
lyon,2026-03-27 04:00:00,1.7,20.5,0.0,2026-03-23 15:09:28.239052
lyon,2026-03-27 05:00:00,1.1,21.0,0.0,2026-03-23 15:09:28.239052
lyon,2026-03-27 06:00:00,1.1,21.7,0.0,2026-03-23 15:09:28.239052
lyon,2026-03-27 07:00:00,2.1,22.9,0.0,2026-03-23 15:09:28.239052
lyon,2026-03-27 08:00:00,3.7,23.9,0.0,2026-03-23 15:09:28.239052
lyon,2026-03-27 09:00:00,5.3,25.3,0.0,2026-03-23 15:09:28.239052
lyon,2026-03-27 10:00:00,6.8,26.6,0.0,2026-03-23 15:09:28.239052
lyon,2026-03-27 11:00:00,8.3,27.9,0.0,2026-03-23 15:09:28.239052
lyon,2026-03-27 12:00:00,9.5,28.5,0.0,2026-03-23 15:09:28.239052
lyon,2026-03-27 13:00:00,10.1,28.8,0.0,2026-03-23 15:09:28.239052
lyon,2026-03-27 14:00:00,10.4,28.5,0.0,2026-03-23 15:09:28.239052
lyon,2026-03-27 15:00:00,10.3,27.4,0.0,2026-03-23 15:09:28.239052
lyon,2026-03-27 16:00:00,9.7,25.2,0.0,2026-03-23 15:09:28.239052
lyon,2026-03-27 17:00:00,8.8,22.3,0.0,2026-03-23 15:09:28.239052
lyon,2026-03-27 18:00:00,7.9,19.1,0.0,2026-03-23 15:09:28.239052
lyon,2026-03-27 19:00:00,7.1,15.9,0.0,2026-03-23 15:09:28.239052
lyon,2026-03-27 20:00:00,6.2,13.3,0.0,2026-03-23 15:09:28.239052
lyon,2026-03-27 21:00:00,5.5,11.8,0.0,2026-03-23 15:09:28.239052
lyon,2026-03-27 22:00:00,5.0,11.4,0.0,2026-03-23 15:09:28.239052
lyon,2026-03-27 23:00:00,4.8,11.1,0.0,2026-03-23 15:09:28.239052
lyon,2026-03-28 00:00:00,4.6,10.9,0.0,2026-03-23 15:09:28.239052
lyon,2026-03-28 01:00:00,4.4,10.1,0.0,2026-03-23 15:09:28.239052
lyon,2026-03-28 02:00:00,4.3,9.0,0.0,2026-03-23 15:09:28.239052
lyon,2026-03-28 03:00:00,4.1,8.0,0.0,2026-03-23 15:09:28.239052
lyon,2026-03-28 04:00:00,3.8,7.4,0.0,2026-03-23 15:09:28.239052
lyon,2026-03-28 05:00:00,3.4,6.9,0.0,2026-03-23 15:09:28.239052
lyon,2026-03-28 06:00:00,3.0,6.6,0.0,2026-03-23 15:09:28.239052
lyon,2026-03-28 07:00:00,4.9,5.4,0.1,2026-03-23 15:09:28.239052
lyon,2026-03-28 08:00:00,5.7,6.3,0.1,2026-03-23 15:09:28.239052
lyon,2026-03-28 09:00:00,6.6,6.8,0.1,2026-03-23 15:09:28.239052
lyon,2026-03-28 10:00:00,7.3,6.6,0.2,2026-03-23 15:09:28.239052
lyon,2026-03-28 11:00:00,8.1,6.5,0.2,2026-03-23 15:09:28.239052
lyon,2026-03-28 12:00:00,8.6,5.8,0.2,2026-03-23 15:09:28.239052
lyon,2026-03-28 13:00:00,8.8,4.9,0.2,2026-03-23 15:09:28.239052
lyon,2026-03-28 14:00:00,8.7,4.0,0.2,2026-03-23 15:09:28.239052
lyon,2026-03-28 15:00:00,8.6,3.1,0.2,2026-03-23 15:09:28.239052
lyon,2026-03-28 16:00:00,8.5,2.3,0.9,2026-03-23 15:09:28.239052
lyon,2026-03-28 17:00:00,8.3,1.1,0.9,2026-03-23 15:09:28.239052
lyon,2026-03-28 18:00:00,8.2,1.6,0.9,2026-03-23 15:09:28.239052
lyon,2026-03-28 19:00:00,8.1,8.5,0.5,2026-03-23 15:09:28.239052
lyon,2026-03-28 20:00:00,8.1,17.8,0.5,2026-03-23 15:09:28.239052
lyon,2026-03-28 21:00:00,7.9,24.5,0.5,2026-03-23 15:09:28.239052
lyon,2026-03-28 22:00:00,7.2,26.1,0.0,2026-03-23 15:09:28.239052
lyon,2026-03-28 23:00:00,6.2,24.9,0.0,2026-03-23 15:09:28.239052
lyon,2026-03-29 00:00:00,5.4,24.2,0.0,2026-03-23 15:09:28.239052
lyon,2026-03-29 01:00:00,5.0,25.1,0.1,2026-03-23 15:09:28.239052
lyon,2026-03-29 02:00:00,4.8,26.5,0.1,2026-03-23 15:09:28.239052
lyon,2026-03-29 03:00:00,4.6,26.9,0.1,2026-03-23 15:09:28.239052
lyon,2026-03-29 04:00:00,4.3,26.6,0.1,2026-03-23 15:09:28.239052
lyon,2026-03-29 05:00:00,4.1,25.3,0.1,2026-03-23 15:09:28.239052
lyon,2026-03-29 06:00:00,4.0,24.8,0.1,2026-03-23 15:09:28.239052
lyon,2026-03-29 07:00:00,4.3,25.2,0.0,2026-03-23 15:09:28.239052
lyon,2026-03-29 08:00:00,4.8,25.8,0.0,2026-03-23 15:09:28.239052
lyon,2026-03-29 09:00:00,5.4,26.3,0.0,2026-03-23 15:09:28.239052
lyon,2026-03-29 10:00:00,6.2,25.7,0.0,2026-03-23 15:09:28.239052
lyon,2026-03-29 11:00:00,7.0,24.4,0.0,2026-03-23 15:09:28.239052
lyon,2026-03-29 12:00:00,7.7,23.2,0.0,2026-03-23 15:09:28.239052
lyon,2026-03-29 13:00:00,8.3,22.0,0.0,2026-03-23 15:09:28.239052
lyon,2026-03-29 14:00:00,8.8,20.9,0.0,2026-03-23 15:09:28.239052
lyon,2026-03-29 15:00:00,9.0,19.8,0.0,2026-03-23 15:09:28.239052
lyon,2026-03-29 16:00:00,8.7,19.2,0.0,2026-03-23 15:09:28.239052
lyon,2026-03-29 17:00:00,8.1,18.3,0.0,2026-03-23 15:09:28.239052
lyon,2026-03-29 18:00:00,7.4,16.8,0.0,2026-03-23 15:09:28.239052
lyon,2026-03-29 19:00:00,6.6,13.2,0.0,2026-03-23 15:09:28.239052
lyon,2026-03-29 20:00:00,5.7,8.4,0.0,2026-03-23 15:09:28.239052
lyon,2026-03-29 21:00:00,5.1,5.1,0.0,2026-03-23 15:09:28.239052
lyon,2026-03-29 22:00:00,4.8,4.0,0.0,2026-03-23 15:09:28.239052
lyon,2026-03-29 23:00:00,4.8,4.2,0.0,2026-03-23 15:09:28.239052
madrid,2026-03-23 00:00:00,9.9,6.9,0.0,2026-03-23 15:09:28.245844
madrid,2026-03-23 01:00:00,9.2,8.4,0.0,2026-03-23 15:09:28.245844
madrid,2026-03-23 02:00:00,8.4,7.7,0.0,2026-03-23 15:09:28.245844
madrid,2026-03-23 03:00:00,7.7,7.3,0.0,2026-03-23 15:09:28.245844
madrid,2026-03-23 04:00:00,7.0,6.8,0.0,2026-03-23 15:09:28.245844
madrid,2026-03-23 05:00:00,6.4,6.8,0.0,2026-03-23 15:09:28.245844
madrid,2026-03-23 06:00:00,5.8,6.3,0.0,2026-03-23 15:09:28.245844
madrid,2026-03-23 07:00:00,5.6,6.4,0.0,2026-03-23 15:09:28.245844
madrid,2026-03-23 08:00:00,7.0,8.6,0.0,2026-03-23 15:09:28.245844
madrid,2026-03-23 09:00:00,9.4,10.4,0.0,2026-03-23 15:09:28.245844
madrid,2026-03-23 10:00:00,11.5,11.8,0.0,2026-03-23 15:09:28.245844
madrid,2026-03-23 11:00:00,13.7,12.3,0.0,2026-03-23 15:09:28.245844
madrid,2026-03-23 12:00:00,15.1,13.1,0.0,2026-03-23 15:09:28.245844
madrid,2026-03-23 13:00:00,16.0,13.9,0.0,2026-03-23 15:09:28.245844
madrid,2026-03-23 14:00:00,16.4,13.0,0.0,2026-03-23 15:09:28.245844
madrid,2026-03-23 15:00:00,16.8,11.9,0.0,2026-03-23 15:09:28.245844
madrid,2026-03-23 16:00:00,16.8,11.0,0.0,2026-03-23 15:09:28.245844
madrid,2026-03-23 17:00:00,16.5,10.5,0.0,2026-03-23 15:09:28.245844
madrid,2026-03-23 18:00:00,15.6,8.7,0.0,2026-03-23 15:09:28.245844
madrid,2026-03-23 19:00:00,13.9,5.8,0.0,2026-03-23 15:09:28.245844
madrid,2026-03-23 20:00:00,12.5,6.8,0.0,2026-03-23 15:09:28.245844
madrid,2026-03-23 21:00:00,11.4,7.4,0.0,2026-03-23 15:09:28.245844
madrid,2026-03-23 22:00:00,10.6,8.0,0.0,2026-03-23 15:09:28.245844
madrid,2026-03-23 23:00:00,9.6,7.0,0.0,2026-03-23 15:09:28.245844
madrid,2026-03-24 00:00:00,8.6,4.7,0.0,2026-03-23 15:09:28.245844
madrid,2026-03-24 01:00:00,7.9,3.3,0.0,2026-03-23 15:09:28.245844
madrid,2026-03-24 02:00:00,7.3,3.0,0.0,2026-03-23 15:09:28.245844
madrid,2026-03-24 03:00:00,6.7,2.9,0.0,2026-03-23 15:09:28.245844
madrid,2026-03-24 04:00:00,5.7,3.6,0.0,2026-03-23 15:09:28.245844
madrid,2026-03-24 05:00:00,5.0,3.6,0.0,2026-03-23 15:09:28.245844
madrid,2026-03-24 06:00:00,4.5,3.9,0.0,2026-03-23 15:09:28.245844
madrid,2026-03-24 07:00:00,4.4,4.5,0.0,2026-03-23 15:09:28.245844
madrid,2026-03-24 08:00:00,6.6,4.3,0.0,2026-03-23 15:09:28.245844
madrid,2026-03-24 09:00:00,9.3,5.1,0.0,2026-03-23 15:09:28.245844
madrid,2026-03-24 10:00:00,11.5,6.0,0.0,2026-03-23 15:09:28.245844
madrid,2026-03-24 11:00:00,13.4,4.9,0.0,2026-03-23 15:09:28.245844
madrid,2026-03-24 12:00:00,15.0,5.4,0.0,2026-03-23 15:09:28.245844
madrid,2026-03-24 13:00:00,16.2,5.8,0.0,2026-03-23 15:09:28.245844
madrid,2026-03-24 14:00:00,17.0,6.5,0.0,2026-03-23 15:09:28.245844
madrid,2026-03-24 15:00:00,17.4,5.8,0.0,2026-03-23 15:09:28.245844
madrid,2026-03-24 16:00:00,17.3,5.2,0.0,2026-03-23 15:09:28.245844
madrid,2026-03-24 17:00:00,17.0,5.8,0.0,2026-03-23 15:09:28.245844
madrid,2026-03-24 18:00:00,16.3,5.8,0.0,2026-03-23 15:09:28.245844
madrid,2026-03-24 19:00:00,15.0,3.7,0.0,2026-03-23 15:09:28.245844
madrid,2026-03-24 20:00:00,13.6,2.9,0.0,2026-03-23 15:09:28.245844
madrid,2026-03-24 21:00:00,12.7,1.9,0.0,2026-03-23 15:09:28.245844
madrid,2026-03-24 22:00:00,11.8,2.6,0.0,2026-03-23 15:09:28.245844
madrid,2026-03-24 23:00:00,10.3,3.6,0.0,2026-03-23 15:09:28.245844
madrid,2026-03-25 00:00:00,9.0,3.3,0.0,2026-03-23 15:09:28.245844
madrid,2026-03-25 01:00:00,8.4,1.8,0.0,2026-03-23 15:09:28.245844
madrid,2026-03-25 02:00:00,8.0,3.3,0.0,2026-03-23 15:09:28.245844
madrid,2026-03-25 03:00:00,7.4,3.3,0.0,2026-03-23 15:09:28.245844
madrid,2026-03-25 04:00:00,6.3,3.7,0.0,2026-03-23 15:09:28.245844
madrid,2026-03-25 05:00:00,5.8,4.1,0.0,2026-03-23 15:09:28.245844
madrid,2026-03-25 06:00:00,4.9,4.4,0.0,2026-03-23 15:09:28.245844
madrid,2026-03-25 07:00:00,5.0,2.7,0.0,2026-03-23 15:09:28.245844
madrid,2026-03-25 08:00:00,7.3,3.2,0.0,2026-03-23 15:09:28.245844
madrid,2026-03-25 09:00:00,10.7,2.6,0.0,2026-03-23 15:09:28.245844
madrid,2026-03-25 10:00:00,13.5,2.1,0.0,2026-03-23 15:09:28.245844
madrid,2026-03-25 11:00:00,15.8,4.3,0.0,2026-03-23 15:09:28.245844
madrid,2026-03-25 12:00:00,17.6,4.8,0.0,2026-03-23 15:09:28.245844
madrid,2026-03-25 13:00:00,19.1,4.2,0.0,2026-03-23 15:09:28.245844
madrid,2026-03-25 14:00:00,20.1,3.1,0.0,2026-03-23 15:09:28.245844
madrid,2026-03-25 15:00:00,20.7,3.4,0.0,2026-03-23 15:09:28.245844
madrid,2026-03-25 16:00:00,20.8,2.6,0.0,2026-03-23 15:09:28.245844
madrid,2026-03-25 17:00:00,20.6,3.3,0.0,2026-03-23 15:09:28.245844
madrid,2026-03-25 18:00:00,19.9,3.8,0.0,2026-03-23 15:09:28.245844
madrid,2026-03-25 19:00:00,17.7,9.9,0.0,2026-03-23 15:09:28.245844
madrid,2026-03-25 20:00:00,15.7,16.2,0.0,2026-03-23 15:09:28.245844
madrid,2026-03-25 21:00:00,13.0,18.7,0.0,2026-03-23 15:09:28.245844
madrid,2026-03-25 22:00:00,11.0,16.7,0.0,2026-03-23 15:09:28.245844
madrid,2026-03-25 23:00:00,9.5,16.2,0.0,2026-03-23 15:09:28.245844
madrid,2026-03-26 00:00:00,8.4,12.8,0.0,2026-03-23 15:09:28.245844
madrid,2026-03-26 01:00:00,7.5,12.3,0.0,2026-03-23 15:09:28.245844
madrid,2026-03-26 02:00:00,6.7,10.8,0.0,2026-03-23 15:09:28.245844
madrid,2026-03-26 03:00:00,6.0,10.2,0.0,2026-03-23 15:09:28.245844
madrid,2026-03-26 04:00:00,5.3,9.4,0.0,2026-03-23 15:09:28.245844
madrid,2026-03-26 05:00:00,4.7,10.0,0.0,2026-03-23 15:09:28.245844
madrid,2026-03-26 06:00:00,4.1,8.9,0.0,2026-03-23 15:09:28.245844
madrid,2026-03-26 07:00:00,4.2,7.7,0.0,2026-03-23 15:09:28.245844
madrid,2026-03-26 08:00:00,5.4,9.4,0.0,2026-03-23 15:09:28.245844
madrid,2026-03-26 09:00:00,7.5,9.3,0.0,2026-03-23 15:09:28.245844
madrid,2026-03-26 10:00:00,9.8,8.6,0.0,2026-03-23 15:09:28.245844
madrid,2026-03-26 11:00:00,12.0,9.4,0.0,2026-03-23 15:09:28.245844
madrid,2026-03-26 12:00:00,13.9,8.2,0.0,2026-03-23 15:09:28.245844
madrid,2026-03-26 13:00:00,15.5,10.2,0.0,2026-03-23 15:09:28.245844
madrid,2026-03-26 14:00:00,16.7,13.5,0.0,2026-03-23 15:09:28.245844
madrid,2026-03-26 15:00:00,17.3,15.8,0.0,2026-03-23 15:09:28.245844
madrid,2026-03-26 16:00:00,16.9,16.9,0.0,2026-03-23 15:09:28.245844
madrid,2026-03-26 17:00:00,15.9,16.9,0.0,2026-03-23 15:09:28.245844
madrid,2026-03-26 18:00:00,14.6,16.3,0.0,2026-03-23 15:09:28.245844
madrid,2026-03-26 19:00:00,12.9,14.5,0.0,2026-03-23 15:09:28.245844
madrid,2026-03-26 20:00:00,10.8,12.6,0.0,2026-03-23 15:09:28.245844
madrid,2026-03-26 21:00:00,9.0,12.1,0.0,2026-03-23 15:09:28.245844
madrid,2026-03-26 22:00:00,7.7,11.2,0.0,2026-03-23 15:09:28.245844
madrid,2026-03-26 23:00:00,6.6,9.5,0.0,2026-03-23 15:09:28.245844
madrid,2026-03-27 00:00:00,5.7,8.1,0.0,2026-03-23 15:09:28.245844
madrid,2026-03-27 01:00:00,5.0,6.4,0.0,2026-03-23 15:09:28.245844
madrid,2026-03-27 02:00:00,4.5,4.9,0.0,2026-03-23 15:09:28.245844
madrid,2026-03-27 03:00:00,4.1,3.9,0.0,2026-03-23 15:09:28.245844
madrid,2026-03-27 04:00:00,3.4,3.8,0.0,2026-03-23 15:09:28.245844
madrid,2026-03-27 05:00:00,2.8,3.4,0.0,2026-03-23 15:09:28.245844
madrid,2026-03-27 06:00:00,2.9,3.4,0.0,2026-03-23 15:09:28.245844
madrid,2026-03-27 07:00:00,3.9,3.3,0.0,2026-03-23 15:09:28.245844
madrid,2026-03-27 08:00:00,5.6,3.3,0.0,2026-03-23 15:09:28.245844
madrid,2026-03-27 09:00:00,7.5,3.3,0.0,2026-03-23 15:09:28.245844
madrid,2026-03-27 10:00:00,9.7,3.3,0.0,2026-03-23 15:09:28.245844
madrid,2026-03-27 11:00:00,12.1,3.3,0.0,2026-03-23 15:09:28.245844
madrid,2026-03-27 12:00:00,14.2,4.5,0.0,2026-03-23 15:09:28.245844
madrid,2026-03-27 13:00:00,15.9,8.6,0.0,2026-03-23 15:09:28.245844
madrid,2026-03-27 14:00:00,17.3,13.9,0.0,2026-03-23 15:09:28.245844
madrid,2026-03-27 15:00:00,18.0,17.7,0.0,2026-03-23 15:09:28.245844
madrid,2026-03-27 16:00:00,17.6,19.0,0.0,2026-03-23 15:09:28.245844
madrid,2026-03-27 17:00:00,16.4,18.6,0.0,2026-03-23 15:09:28.245844
madrid,2026-03-27 18:00:00,15.1,17.1,0.0,2026-03-23 15:09:28.245844
madrid,2026-03-27 19:00:00,13.6,13.4,0.0,2026-03-23 15:09:28.245844
madrid,2026-03-27 20:00:00,12.0,8.9,0.0,2026-03-23 15:09:28.245844
madrid,2026-03-27 21:00:00,10.6,6.8,0.0,2026-03-23 15:09:28.245844
madrid,2026-03-27 22:00:00,9.4,6.4,0.0,2026-03-23 15:09:28.245844
madrid,2026-03-27 23:00:00,8.3,6.0,0.0,2026-03-23 15:09:28.245844
madrid,2026-03-28 00:00:00,7.3,5.6,0.0,2026-03-23 15:09:28.245844
madrid,2026-03-28 01:00:00,6.6,5.4,0.0,2026-03-23 15:09:28.245844
madrid,2026-03-28 02:00:00,6.0,5.4,0.0,2026-03-23 15:09:28.245844
madrid,2026-03-28 03:00:00,5.4,5.6,0.0,2026-03-23 15:09:28.245844
madrid,2026-03-28 04:00:00,4.4,4.9,0.0,2026-03-23 15:09:28.245844
madrid,2026-03-28 05:00:00,3.6,4.0,0.0,2026-03-23 15:09:28.245844
madrid,2026-03-28 06:00:00,3.0,3.3,0.0,2026-03-23 15:09:28.245844
madrid,2026-03-28 07:00:00,3.2,2.3,0.0,2026-03-23 15:09:28.245844
madrid,2026-03-28 08:00:00,5.8,1.6,0.0,2026-03-23 15:09:28.245844
madrid,2026-03-28 09:00:00,8.3,1.4,0.0,2026-03-23 15:09:28.245844
madrid,2026-03-28 10:00:00,10.5,1.6,0.0,2026-03-23 15:09:28.245844
madrid,2026-03-28 11:00:00,12.7,2.9,0.0,2026-03-23 15:09:28.245844
madrid,2026-03-28 12:00:00,14.6,3.3,0.0,2026-03-23 15:09:28.245844
madrid,2026-03-28 13:00:00,16.1,2.5,0.0,2026-03-23 15:09:28.245844
madrid,2026-03-28 14:00:00,17.4,1.3,0.0,2026-03-23 15:09:28.245844
madrid,2026-03-28 15:00:00,17.9,3.1,0.0,2026-03-23 15:09:28.245844
madrid,2026-03-28 16:00:00,17.4,8.6,0.0,2026-03-23 15:09:28.245844
madrid,2026-03-28 17:00:00,16.1,16.0,0.0,2026-03-23 15:09:28.245844
madrid,2026-03-28 18:00:00,14.7,20.0,0.0,2026-03-23 15:09:28.245844
madrid,2026-03-28 19:00:00,13.2,18.6,0.0,2026-03-23 15:09:28.245844
madrid,2026-03-28 20:00:00,11.6,14.1,0.0,2026-03-23 15:09:28.245844
madrid,2026-03-28 21:00:00,10.2,10.2,0.0,2026-03-23 15:09:28.245844
madrid,2026-03-28 22:00:00,9.1,7.7,0.0,2026-03-23 15:09:28.245844
madrid,2026-03-28 23:00:00,8.2,5.7,0.0,2026-03-23 15:09:28.245844
madrid,2026-03-29 00:00:00,7.5,3.8,0.0,2026-03-23 15:09:28.245844
madrid,2026-03-29 01:00:00,6.9,2.3,0.0,2026-03-23 15:09:28.245844
madrid,2026-03-29 02:00:00,6.4,1.1,0.0,2026-03-23 15:09:28.245844
madrid,2026-03-29 03:00:00,5.8,1.5,0.0,2026-03-23 15:09:28.245844
madrid,2026-03-29 04:00:00,4.5,1.8,0.0,2026-03-23 15:09:28.245844
madrid,2026-03-29 05:00:00,3.0,2.6,0.0,2026-03-23 15:09:28.245844
madrid,2026-03-29 06:00:00,2.6,3.3,0.0,2026-03-23 15:09:28.245844
madrid,2026-03-29 07:00:00,4.0,3.4,0.0,2026-03-23 15:09:28.245844
madrid,2026-03-29 08:00:00,6.3,3.8,0.0,2026-03-23 15:09:28.245844
madrid,2026-03-29 09:00:00,8.7,4.6,0.0,2026-03-23 15:09:28.245844
madrid,2026-03-29 10:00:00,11.0,7.6,0.0,2026-03-23 15:09:28.245844
madrid,2026-03-29 11:00:00,13.3,13.6,0.0,2026-03-23 15:09:28.245844
madrid,2026-03-29 12:00:00,14.9,18.5,0.0,2026-03-23 15:09:28.245844
madrid,2026-03-29 13:00:00,15.7,20.3,0.0,2026-03-23 15:09:28.245844
madrid,2026-03-29 14:00:00,15.8,21.2,0.0,2026-03-23 15:09:28.245844
madrid,2026-03-29 15:00:00,15.6,21.3,0.0,2026-03-23 15:09:28.245844
madrid,2026-03-29 16:00:00,15.2,21.2,0.0,2026-03-23 15:09:28.245844
madrid,2026-03-29 17:00:00,14.4,20.5,0.0,2026-03-23 15:09:28.245844
madrid,2026-03-29 18:00:00,13.4,18.4,0.0,2026-03-23 15:09:28.245844
madrid,2026-03-29 19:00:00,12.2,13.8,0.0,2026-03-23 15:09:28.245844
madrid,2026-03-29 20:00:00,10.9,7.6,0.0,2026-03-23 15:09:28.245844
madrid,2026-03-29 21:00:00,9.8,3.8,0.0,2026-03-23 15:09:28.245844
madrid,2026-03-29 22:00:00,9.1,3.0,0.0,2026-03-23 15:09:28.245844
madrid,2026-03-29 23:00:00,8.5,2.6,0.0,2026-03-23 15:09:28.245844
marseille,2026-03-23 00:00:00,9.8,5.8,0.2,2026-03-23 15:09:28.250287
marseille,2026-03-23 01:00:00,10.1,6.2,0.4,2026-03-23 15:09:28.250287
marseille,2026-03-23 02:00:00,10.0,7.4,0.2,2026-03-23 15:09:28.250287
marseille,2026-03-23 03:00:00,10.0,5.4,0.0,2026-03-23 15:09:28.250287
marseille,2026-03-23 04:00:00,10.1,3.2,0.0,2026-03-23 15:09:28.250287
marseille,2026-03-23 05:00:00,9.2,2.8,0.0,2026-03-23 15:09:28.250287
marseille,2026-03-23 06:00:00,9.8,6.4,0.0,2026-03-23 15:09:28.250287
marseille,2026-03-23 07:00:00,10.5,6.4,0.0,2026-03-23 15:09:28.250287
marseille,2026-03-23 08:00:00,11.9,7.0,0.0,2026-03-23 15:09:28.250287
marseille,2026-03-23 09:00:00,13.2,5.4,0.0,2026-03-23 15:09:28.250287
marseille,2026-03-23 10:00:00,14.4,4.0,0.0,2026-03-23 15:09:28.250287
marseille,2026-03-23 11:00:00,15.5,2.5,0.0,2026-03-23 15:09:28.250287
marseille,2026-03-23 12:00:00,15.8,10.2,0.0,2026-03-23 15:09:28.250287
marseille,2026-03-23 13:00:00,15.5,18.6,0.0,2026-03-23 15:09:28.250287
marseille,2026-03-23 14:00:00,15.8,14.2,0.0,2026-03-23 15:09:28.250287
marseille,2026-03-23 15:00:00,16.0,15.9,0.0,2026-03-23 15:09:28.250287
marseille,2026-03-23 16:00:00,16.2,14.3,0.0,2026-03-23 15:09:28.250287
marseille,2026-03-23 17:00:00,16.1,15.9,0.0,2026-03-23 15:09:28.250287
marseille,2026-03-23 18:00:00,14.8,12.6,0.0,2026-03-23 15:09:28.250287
marseille,2026-03-23 19:00:00,13.9,10.1,0.0,2026-03-23 15:09:28.250287
marseille,2026-03-23 20:00:00,13.4,8.2,0.0,2026-03-23 15:09:28.250287
marseille,2026-03-23 21:00:00,13.1,7.4,0.0,2026-03-23 15:09:28.250287
marseille,2026-03-23 22:00:00,12.1,6.0,0.0,2026-03-23 15:09:28.250287
marseille,2026-03-23 23:00:00,11.0,6.6,0.0,2026-03-23 15:09:28.250287
marseille,2026-03-24 00:00:00,10.6,2.3,0.0,2026-03-23 15:09:28.250287
marseille,2026-03-24 01:00:00,10.3,6.8,0.0,2026-03-23 15:09:28.250287
marseille,2026-03-24 02:00:00,10.9,3.7,0.0,2026-03-23 15:09:28.250287
marseille,2026-03-24 03:00:00,10.6,4.5,0.0,2026-03-23 15:09:28.250287
marseille,2026-03-24 04:00:00,10.2,4.7,0.0,2026-03-23 15:09:28.250287
marseille,2026-03-24 05:00:00,10.4,6.2,0.0,2026-03-23 15:09:28.250287
marseille,2026-03-24 06:00:00,11.3,6.8,0.0,2026-03-23 15:09:28.250287
marseille,2026-03-24 07:00:00,12.8,3.9,0.0,2026-03-23 15:09:28.250287
marseille,2026-03-24 08:00:00,14.3,4.0,0.0,2026-03-23 15:09:28.250287
marseille,2026-03-24 09:00:00,15.7,0.5,0.0,2026-03-23 15:09:28.250287
marseille,2026-03-24 10:00:00,15.5,8.0,0.0,2026-03-23 15:09:28.250287
marseille,2026-03-24 11:00:00,15.6,9.3,0.0,2026-03-23 15:09:28.250287
marseille,2026-03-24 12:00:00,15.7,9.4,0.0,2026-03-23 15:09:28.250287
marseille,2026-03-24 13:00:00,15.7,9.3,0.0,2026-03-23 15:09:28.250287
marseille,2026-03-24 14:00:00,15.7,8.2,0.0,2026-03-23 15:09:28.250287
marseille,2026-03-24 15:00:00,15.5,7.3,0.0,2026-03-23 15:09:28.250287
marseille,2026-03-24 16:00:00,15.3,6.5,0.0,2026-03-23 15:09:28.250287
marseille,2026-03-24 17:00:00,14.9,4.3,0.0,2026-03-23 15:09:28.250287
marseille,2026-03-24 18:00:00,14.2,5.4,0.0,2026-03-23 15:09:28.250287
marseille,2026-03-24 19:00:00,14.2,3.6,0.0,2026-03-23 15:09:28.250287
marseille,2026-03-24 20:00:00,14.0,2.7,0.0,2026-03-23 15:09:28.250287
marseille,2026-03-24 21:00:00,13.7,1.0,0.0,2026-03-23 15:09:28.250287
marseille,2026-03-24 22:00:00,13.0,6.0,0.0,2026-03-23 15:09:28.250287
marseille,2026-03-24 23:00:00,12.8,4.4,0.0,2026-03-23 15:09:28.250287
marseille,2026-03-25 00:00:00,12.8,3.6,0.0,2026-03-23 15:09:28.250287
marseille,2026-03-25 01:00:00,12.3,6.1,0.0,2026-03-23 15:09:28.250287
marseille,2026-03-25 02:00:00,12.1,6.3,0.0,2026-03-23 15:09:28.250287
marseille,2026-03-25 03:00:00,11.8,6.8,0.0,2026-03-23 15:09:28.250287
marseille,2026-03-25 04:00:00,11.6,6.5,0.0,2026-03-23 15:09:28.250287
marseille,2026-03-25 05:00:00,11.4,7.7,0.0,2026-03-23 15:09:28.250287
marseille,2026-03-25 06:00:00,12.0,6.9,0.0,2026-03-23 15:09:28.250287
marseille,2026-03-25 07:00:00,13.4,3.3,0.0,2026-03-23 15:09:28.250287
marseille,2026-03-25 08:00:00,14.4,3.1,0.0,2026-03-23 15:09:28.250287
marseille,2026-03-25 09:00:00,14.1,6.6,0.0,2026-03-23 15:09:28.250287
marseille,2026-03-25 10:00:00,14.5,10.1,0.0,2026-03-23 15:09:28.250287
marseille,2026-03-25 11:00:00,14.8,23.3,0.0,2026-03-23 15:09:28.250287
marseille,2026-03-25 12:00:00,15.7,20.4,0.0,2026-03-23 15:09:28.250287
marseille,2026-03-25 13:00:00,16.9,25.5,0.0,2026-03-23 15:09:28.250287
marseille,2026-03-25 14:00:00,17.7,26.1,0.0,2026-03-23 15:09:28.250287
marseille,2026-03-25 15:00:00,17.9,31.1,0.0,2026-03-23 15:09:28.250287
marseille,2026-03-25 16:00:00,17.7,41.4,0.0,2026-03-23 15:09:28.250287
marseille,2026-03-25 17:00:00,16.6,43.0,0.0,2026-03-23 15:09:28.250287
marseille,2026-03-25 18:00:00,14.6,49.0,0.0,2026-03-23 15:09:28.250287
marseille,2026-03-25 19:00:00,12.7,42.5,0.0,2026-03-23 15:09:28.250287
marseille,2026-03-25 20:00:00,11.2,38.6,0.0,2026-03-23 15:09:28.250287
marseille,2026-03-25 21:00:00,10.7,37.5,0.0,2026-03-23 15:09:28.250287
marseille,2026-03-25 22:00:00,10.0,35.6,0.0,2026-03-23 15:09:28.250287
marseille,2026-03-25 23:00:00,9.0,34.1,0.0,2026-03-23 15:09:28.250287
marseille,2026-03-26 00:00:00,8.9,31.6,0.0,2026-03-23 15:09:28.250287
marseille,2026-03-26 01:00:00,8.3,31.8,0.0,2026-03-23 15:09:28.250287
marseille,2026-03-26 02:00:00,7.5,33.9,0.0,2026-03-23 15:09:28.250287
marseille,2026-03-26 03:00:00,6.9,35.4,0.0,2026-03-23 15:09:28.250287
marseille,2026-03-26 04:00:00,6.5,33.7,0.0,2026-03-23 15:09:28.250287
marseille,2026-03-26 05:00:00,6.1,32.3,0.0,2026-03-23 15:09:28.250287
marseille,2026-03-26 06:00:00,5.8,31.6,0.0,2026-03-23 15:09:28.250287
marseille,2026-03-26 07:00:00,6.2,33.4,0.0,2026-03-23 15:09:28.250287
marseille,2026-03-26 08:00:00,7.3,37.7,0.0,2026-03-23 15:09:28.250287
marseille,2026-03-26 09:00:00,8.5,46.8,0.0,2026-03-23 15:09:28.250287
marseille,2026-03-26 10:00:00,9.7,52.8,0.0,2026-03-23 15:09:28.250287
marseille,2026-03-26 11:00:00,10.4,53.9,0.0,2026-03-23 15:09:28.250287
marseille,2026-03-26 12:00:00,11.1,55.8,0.0,2026-03-23 15:09:28.250287
marseille,2026-03-26 13:00:00,11.4,55.4,0.0,2026-03-23 15:09:28.250287
marseille,2026-03-26 14:00:00,11.5,55.2,0.0,2026-03-23 15:09:28.250287
marseille,2026-03-26 15:00:00,11.4,55.2,0.0,2026-03-23 15:09:28.250287
marseille,2026-03-26 16:00:00,11.0,54.0,0.0,2026-03-23 15:09:28.250287
marseille,2026-03-26 17:00:00,10.2,52.0,0.0,2026-03-23 15:09:28.250287
marseille,2026-03-26 18:00:00,9.4,48.9,0.0,2026-03-23 15:09:28.250287
marseille,2026-03-26 19:00:00,8.7,45.4,0.0,2026-03-23 15:09:28.250287
marseille,2026-03-26 20:00:00,8.3,42.2,0.0,2026-03-23 15:09:28.250287
marseille,2026-03-26 21:00:00,8.0,41.5,0.0,2026-03-23 15:09:28.250287
marseille,2026-03-26 22:00:00,7.6,41.5,0.0,2026-03-23 15:09:28.250287
marseille,2026-03-26 23:00:00,7.3,41.1,0.0,2026-03-23 15:09:28.250287
marseille,2026-03-27 00:00:00,6.9,39.6,0.0,2026-03-23 15:09:28.250287
marseille,2026-03-27 01:00:00,6.6,39.8,0.0,2026-03-23 15:09:28.250287
marseille,2026-03-27 02:00:00,6.2,42.7,0.0,2026-03-23 15:09:28.250287
marseille,2026-03-27 03:00:00,5.8,44.3,0.0,2026-03-23 15:09:28.250287
marseille,2026-03-27 04:00:00,5.4,44.4,0.0,2026-03-23 15:09:28.250287
marseille,2026-03-27 05:00:00,5.1,45.6,0.0,2026-03-23 15:09:28.250287
marseille,2026-03-27 06:00:00,4.8,45.4,0.0,2026-03-23 15:09:28.250287
marseille,2026-03-27 07:00:00,5.1,44.4,0.0,2026-03-23 15:09:28.250287
marseille,2026-03-27 08:00:00,6.1,45.3,0.0,2026-03-23 15:09:28.250287
marseille,2026-03-27 09:00:00,7.5,45.0,0.0,2026-03-23 15:09:28.250287
marseille,2026-03-27 10:00:00,9.6,40.2,0.0,2026-03-23 15:09:28.250287
marseille,2026-03-27 11:00:00,11.8,34.4,0.0,2026-03-23 15:09:28.250287
marseille,2026-03-27 12:00:00,13.4,32.9,0.0,2026-03-23 15:09:28.250287
marseille,2026-03-27 13:00:00,14.4,32.7,0.0,2026-03-23 15:09:28.250287
marseille,2026-03-27 14:00:00,14.8,33.7,0.0,2026-03-23 15:09:28.250287
marseille,2026-03-27 15:00:00,14.7,34.0,0.0,2026-03-23 15:09:28.250287
marseille,2026-03-27 16:00:00,13.8,33.8,0.0,2026-03-23 15:09:28.250287
marseille,2026-03-27 17:00:00,12.3,32.9,0.0,2026-03-23 15:09:28.250287
marseille,2026-03-27 18:00:00,11.0,30.6,0.0,2026-03-23 15:09:28.250287
marseille,2026-03-27 19:00:00,10.0,25.4,0.0,2026-03-23 15:09:28.250287
marseille,2026-03-27 20:00:00,9.1,18.6,0.0,2026-03-23 15:09:28.250287
marseille,2026-03-27 21:00:00,8.2,13.5,0.0,2026-03-23 15:09:28.250287
marseille,2026-03-27 22:00:00,7.3,11.0,0.0,2026-03-23 15:09:28.250287
marseille,2026-03-27 23:00:00,6.3,9.9,0.0,2026-03-23 15:09:28.250287
marseille,2026-03-28 00:00:00,5.5,9.5,0.0,2026-03-23 15:09:28.250287
marseille,2026-03-28 01:00:00,4.9,9.3,0.0,2026-03-23 15:09:28.250287
marseille,2026-03-28 02:00:00,4.5,9.3,0.0,2026-03-23 15:09:28.250287
marseille,2026-03-28 03:00:00,4.3,9.9,0.0,2026-03-23 15:09:28.250287
marseille,2026-03-28 04:00:00,4.3,10.7,0.0,2026-03-23 15:09:28.250287
marseille,2026-03-28 05:00:00,4.4,11.8,0.0,2026-03-23 15:09:28.250287
marseille,2026-03-28 06:00:00,4.6,12.6,0.0,2026-03-23 15:09:28.250287
marseille,2026-03-28 07:00:00,7.1,20.5,0.0,2026-03-23 15:09:28.250287
marseille,2026-03-28 08:00:00,9.0,25.9,0.0,2026-03-23 15:09:28.250287
marseille,2026-03-28 09:00:00,10.9,31.0,0.0,2026-03-23 15:09:28.250287
marseille,2026-03-28 10:00:00,12.6,35.1,0.0,2026-03-23 15:09:28.250287
marseille,2026-03-28 11:00:00,14.2,39.0,0.0,2026-03-23 15:09:28.250287
marseille,2026-03-28 12:00:00,15.4,42.3,0.0,2026-03-23 15:09:28.250287
marseille,2026-03-28 13:00:00,16.0,45.1,0.0,2026-03-23 15:09:28.250287
marseille,2026-03-28 14:00:00,16.1,47.2,0.0,2026-03-23 15:09:28.250287
marseille,2026-03-28 15:00:00,15.9,48.0,0.0,2026-03-23 15:09:28.250287
marseille,2026-03-28 16:00:00,15.3,47.1,0.0,2026-03-23 15:09:28.250287
marseille,2026-03-28 17:00:00,14.3,44.9,0.0,2026-03-23 15:09:28.250287
marseille,2026-03-28 18:00:00,13.5,42.1,0.0,2026-03-23 15:09:28.250287
marseille,2026-03-28 19:00:00,12.9,38.3,0.0,2026-03-23 15:09:28.250287
marseille,2026-03-28 20:00:00,12.4,34.2,0.0,2026-03-23 15:09:28.250287
marseille,2026-03-28 21:00:00,11.9,32.6,0.0,2026-03-23 15:09:28.250287
marseille,2026-03-28 22:00:00,11.5,35.6,0.0,2026-03-23 15:09:28.250287
marseille,2026-03-28 23:00:00,11.0,41.3,0.0,2026-03-23 15:09:28.250287
marseille,2026-03-29 00:00:00,10.5,45.2,0.0,2026-03-23 15:09:28.250287
marseille,2026-03-29 01:00:00,9.8,45.4,0.0,2026-03-23 15:09:28.250287
marseille,2026-03-29 02:00:00,9.0,44.0,0.0,2026-03-23 15:09:28.250287
marseille,2026-03-29 03:00:00,8.4,41.6,0.0,2026-03-23 15:09:28.250287
marseille,2026-03-29 04:00:00,8.3,38.4,0.0,2026-03-23 15:09:28.250287
marseille,2026-03-29 05:00:00,8.5,34.7,0.0,2026-03-23 15:09:28.250287
marseille,2026-03-29 06:00:00,9.0,33.3,0.0,2026-03-23 15:09:28.250287
marseille,2026-03-29 07:00:00,10.0,33.4,0.0,2026-03-23 15:09:28.250287
marseille,2026-03-29 08:00:00,11.3,33.9,0.0,2026-03-23 15:09:28.250287
marseille,2026-03-29 09:00:00,12.6,34.8,0.0,2026-03-23 15:09:28.250287
marseille,2026-03-29 10:00:00,13.8,36.1,0.0,2026-03-23 15:09:28.250287
marseille,2026-03-29 11:00:00,14.9,37.2,0.0,2026-03-23 15:09:28.250287
marseille,2026-03-29 12:00:00,15.6,38.9,0.0,2026-03-23 15:09:28.250287
marseille,2026-03-29 13:00:00,15.5,40.8,0.0,2026-03-23 15:09:28.250287
marseille,2026-03-29 14:00:00,15.0,43.1,0.0,2026-03-23 15:09:28.250287
marseille,2026-03-29 15:00:00,14.2,44.5,0.0,2026-03-23 15:09:28.250287
marseille,2026-03-29 16:00:00,13.3,43.6,0.0,2026-03-23 15:09:28.250287
marseille,2026-03-29 17:00:00,12.2,41.8,0.0,2026-03-23 15:09:28.250287
marseille,2026-03-29 18:00:00,11.2,39.8,0.0,2026-03-23 15:09:28.250287
marseille,2026-03-29 19:00:00,10.6,38.2,0.0,2026-03-23 15:09:28.250287
marseille,2026-03-29 20:00:00,10.2,36.7,0.0,2026-03-23 15:09:28.250287
marseille,2026-03-29 21:00:00,9.8,35.8,0.0,2026-03-23 15:09:28.250287
marseille,2026-03-29 22:00:00,9.4,36.6,0.0,2026-03-23 15:09:28.250287
marseille,2026-03-29 23:00:00,8.9,38.1,0.0,2026-03-23 15:09:28.250287
new_york,2026-03-23 00:00:00,11.2,12.3,0.0,2026-03-23 15:09:28.254703
new_york,2026-03-23 01:00:00,10.5,8.0,0.0,2026-03-23 15:09:28.254703
new_york,2026-03-23 02:00:00,9.9,7.0,0.2,2026-03-23 15:09:28.254703
new_york,2026-03-23 03:00:00,9.7,6.9,0.3,2026-03-23 15:09:28.254703
new_york,2026-03-23 04:00:00,9.8,5.4,0.3,2026-03-23 15:09:28.254703
new_york,2026-03-23 05:00:00,9.7,6.3,0.1,2026-03-23 15:09:28.254703
new_york,2026-03-23 06:00:00,9.2,11.3,0.0,2026-03-23 15:09:28.254703
new_york,2026-03-23 07:00:00,9.6,14.1,0.0,2026-03-23 15:09:28.254703
new_york,2026-03-23 08:00:00,9.1,13.7,0.0,2026-03-23 15:09:28.254703
new_york,2026-03-23 09:00:00,8.3,10.6,1.0,2026-03-23 15:09:28.254703
new_york,2026-03-23 10:00:00,8.0,15.1,1.2,2026-03-23 15:09:28.254703
new_york,2026-03-23 11:00:00,6.5,15.9,0.5,2026-03-23 15:09:28.254703
new_york,2026-03-23 12:00:00,5.5,19.6,3.2,2026-03-23 15:09:28.254703
new_york,2026-03-23 13:00:00,5.4,16.2,0.2,2026-03-23 15:09:28.254703
new_york,2026-03-23 14:00:00,4.7,16.5,0.0,2026-03-23 15:09:28.254703
new_york,2026-03-23 15:00:00,4.2,14.3,0.0,2026-03-23 15:09:28.254703
new_york,2026-03-23 16:00:00,3.8,17.4,0.0,2026-03-23 15:09:28.254703
new_york,2026-03-23 17:00:00,3.2,18.3,0.0,2026-03-23 15:09:28.254703
new_york,2026-03-23 18:00:00,3.0,16.4,0.1,2026-03-23 15:09:28.254703
new_york,2026-03-23 19:00:00,2.7,16.3,0.3,2026-03-23 15:09:28.254703
new_york,2026-03-23 20:00:00,3.0,15.9,0.0,2026-03-23 15:09:28.254703
new_york,2026-03-23 21:00:00,3.0,14.0,0.0,2026-03-23 15:09:28.254703
new_york,2026-03-23 22:00:00,3.1,10.6,0.0,2026-03-23 15:09:28.254703
new_york,2026-03-23 23:00:00,2.9,10.7,0.5,2026-03-23 15:09:28.254703
new_york,2026-03-24 00:00:00,2.7,11.8,0.4,2026-03-23 15:09:28.254703
new_york,2026-03-24 01:00:00,2.1,18.2,0.0,2026-03-23 15:09:28.254703
new_york,2026-03-24 02:00:00,1.7,16.3,0.0,2026-03-23 15:09:28.254703
new_york,2026-03-24 03:00:00,1.3,16.1,0.0,2026-03-23 15:09:28.254703
new_york,2026-03-24 04:00:00,1.1,14.8,0.0,2026-03-23 15:09:28.254703
new_york,2026-03-24 05:00:00,0.2,12.5,0.0,2026-03-23 15:09:28.254703
new_york,2026-03-24 06:00:00,0.4,12.2,0.0,2026-03-23 15:09:28.254703
new_york,2026-03-24 07:00:00,-0.2,9.7,0.0,2026-03-23 15:09:28.254703
new_york,2026-03-24 08:00:00,-0.2,10.7,0.0,2026-03-23 15:09:28.254703
new_york,2026-03-24 09:00:00,-0.2,12.5,0.0,2026-03-23 15:09:28.254703
new_york,2026-03-24 10:00:00,-0.3,11.2,0.0,2026-03-23 15:09:28.254703
new_york,2026-03-24 11:00:00,-0.4,8.7,0.0,2026-03-23 15:09:28.254703
new_york,2026-03-24 12:00:00,0.6,10.8,0.0,2026-03-23 15:09:28.254703
new_york,2026-03-24 13:00:00,1.4,18.5,0.0,2026-03-23 15:09:28.254703
new_york,2026-03-24 14:00:00,2.2,20.9,0.0,2026-03-23 15:09:28.254703
new_york,2026-03-24 15:00:00,2.9,21.6,0.0,2026-03-23 15:09:28.254703
new_york,2026-03-24 16:00:00,3.6,19.1,0.0,2026-03-23 15:09:28.254703
new_york,2026-03-24 17:00:00,4.2,16.3,0.0,2026-03-23 15:09:28.254703
new_york,2026-03-24 18:00:00,4.8,11.2,0.0,2026-03-23 15:09:28.254703
new_york,2026-03-24 19:00:00,5.2,4.4,0.0,2026-03-23 15:09:28.254703
new_york,2026-03-24 20:00:00,4.9,2.6,0.0,2026-03-23 15:09:28.254703
new_york,2026-03-24 21:00:00,5.1,7.5,0.0,2026-03-23 15:09:28.254703
new_york,2026-03-24 22:00:00,4.9,5.2,0.0,2026-03-23 15:09:28.254703
new_york,2026-03-24 23:00:00,3.5,10.4,0.0,2026-03-23 15:09:28.254703
new_york,2026-03-25 00:00:00,1.6,10.9,0.0,2026-03-23 15:09:28.254703
new_york,2026-03-25 01:00:00,1.2,14.3,0.0,2026-03-23 15:09:28.254703
new_york,2026-03-25 02:00:00,0.9,13.3,0.0,2026-03-23 15:09:28.254703
new_york,2026-03-25 03:00:00,0.9,11.8,0.0,2026-03-23 15:09:28.254703
new_york,2026-03-25 04:00:00,0.9,11.6,0.0,2026-03-23 15:09:28.254703
new_york,2026-03-25 05:00:00,0.7,12.4,0.0,2026-03-23 15:09:28.254703
new_york,2026-03-25 06:00:00,0.6,14.8,0.0,2026-03-23 15:09:28.254703
new_york,2026-03-25 07:00:00,0.5,14.6,0.0,2026-03-23 15:09:28.254703
new_york,2026-03-25 08:00:00,0.5,14.0,0.0,2026-03-23 15:09:28.254703
new_york,2026-03-25 09:00:00,0.4,12.0,0.0,2026-03-23 15:09:28.254703
new_york,2026-03-25 10:00:00,1.4,9.7,0.0,2026-03-23 15:09:28.254703
new_york,2026-03-25 11:00:00,2.4,8.2,0.0,2026-03-23 15:09:28.254703
new_york,2026-03-25 12:00:00,3.8,7.4,0.0,2026-03-23 15:09:28.254703
new_york,2026-03-25 13:00:00,5.1,4.7,0.0,2026-03-23 15:09:28.254703
new_york,2026-03-25 14:00:00,6.0,3.3,0.0,2026-03-23 15:09:28.254703
new_york,2026-03-25 15:00:00,6.9,5.5,0.0,2026-03-23 15:09:28.254703
new_york,2026-03-25 16:00:00,7.6,7.4,0.0,2026-03-23 15:09:28.254703
new_york,2026-03-25 17:00:00,8.1,9.5,0.0,2026-03-23 15:09:28.254703
new_york,2026-03-25 18:00:00,8.5,10.8,0.0,2026-03-23 15:09:28.254703
new_york,2026-03-25 19:00:00,8.8,15.3,0.0,2026-03-23 15:09:28.254703
new_york,2026-03-25 20:00:00,7.5,21.6,0.0,2026-03-23 15:09:28.254703
new_york,2026-03-25 21:00:00,7.2,21.4,0.0,2026-03-23 15:09:28.254703
new_york,2026-03-25 22:00:00,7.8,19.7,0.0,2026-03-23 15:09:28.254703
new_york,2026-03-25 23:00:00,8.5,11.4,0.0,2026-03-23 15:09:28.254703
new_york,2026-03-26 00:00:00,9.7,18.8,0.0,2026-03-23 15:09:28.254703
new_york,2026-03-26 01:00:00,8.5,22.1,0.0,2026-03-23 15:09:28.254703
new_york,2026-03-26 02:00:00,8.1,20.8,0.0,2026-03-23 15:09:28.254703
new_york,2026-03-26 03:00:00,7.7,18.5,0.0,2026-03-23 15:09:28.254703
new_york,2026-03-26 04:00:00,7.5,17.8,0.0,2026-03-23 15:09:28.254703
new_york,2026-03-26 05:00:00,7.5,16.3,0.0,2026-03-23 15:09:28.254703
new_york,2026-03-26 06:00:00,7.4,15.7,0.0,2026-03-23 15:09:28.254703
new_york,2026-03-26 07:00:00,7.3,12.6,0.0,2026-03-23 15:09:28.254703
new_york,2026-03-26 08:00:00,7.1,14.4,0.1,2026-03-23 15:09:28.254703
new_york,2026-03-26 09:00:00,7.4,14.2,0.1,2026-03-23 15:09:28.254703
new_york,2026-03-26 10:00:00,7.4,13.6,0.1,2026-03-23 15:09:28.254703
new_york,2026-03-26 11:00:00,7.9,13.2,0.0,2026-03-23 15:09:28.254703
new_york,2026-03-26 12:00:00,8.0,13.4,0.2,2026-03-23 15:09:28.254703
new_york,2026-03-26 13:00:00,8.8,14.5,0.0,2026-03-23 15:09:28.254703
new_york,2026-03-26 14:00:00,10.1,16.6,0.0,2026-03-23 15:09:28.254703
new_york,2026-03-26 15:00:00,11.5,19.1,0.0,2026-03-23 15:09:28.254703
new_york,2026-03-26 16:00:00,13.0,20.6,0.0,2026-03-23 15:09:28.254703
new_york,2026-03-26 17:00:00,13.6,19.1,0.0,2026-03-23 15:09:28.254703
new_york,2026-03-26 18:00:00,14.2,13.5,0.0,2026-03-23 15:09:28.254703
new_york,2026-03-26 19:00:00,16.5,16.9,0.0,2026-03-23 15:09:28.254703
new_york,2026-03-26 20:00:00,17.0,18.9,0.0,2026-03-23 15:09:28.254703
new_york,2026-03-26 21:00:00,17.2,19.0,0.0,2026-03-23 15:09:28.254703
new_york,2026-03-26 22:00:00,16.9,20.4,0.0,2026-03-23 15:09:28.254703
new_york,2026-03-26 23:00:00,16.2,18.0,0.0,2026-03-23 15:09:28.254703
new_york,2026-03-27 00:00:00,15.2,18.5,0.0,2026-03-23 15:09:28.254703
new_york,2026-03-27 01:00:00,14.8,21.9,0.0,2026-03-23 15:09:28.254703
new_york,2026-03-27 02:00:00,14.6,24.9,0.0,2026-03-23 15:09:28.254703
new_york,2026-03-27 03:00:00,14.7,29.0,0.0,2026-03-23 15:09:28.254703
new_york,2026-03-27 04:00:00,14.4,25.1,0.0,2026-03-23 15:09:28.254703
new_york,2026-03-27 05:00:00,14.4,24.2,0.2,2026-03-23 15:09:28.254703
new_york,2026-03-27 06:00:00,13.5,23.9,2.5,2026-03-23 15:09:28.254703
new_york,2026-03-27 07:00:00,13.5,22.1,1.6,2026-03-23 15:09:28.254703
new_york,2026-03-27 08:00:00,13.3,24.2,0.4,2026-03-23 15:09:28.254703
new_york,2026-03-27 09:00:00,13.1,26.6,0.7,2026-03-23 15:09:28.254703
new_york,2026-03-27 10:00:00,13.1,22.9,0.0,2026-03-23 15:09:28.254703
new_york,2026-03-27 11:00:00,13.6,26.9,0.0,2026-03-23 15:09:28.254703
new_york,2026-03-27 12:00:00,14.0,22.3,0.0,2026-03-23 15:09:28.254703
new_york,2026-03-27 13:00:00,13.8,20.4,0.2,2026-03-23 15:09:28.254703
new_york,2026-03-27 14:00:00,12.3,24.1,0.0,2026-03-23 15:09:28.254703
new_york,2026-03-27 15:00:00,11.5,23.1,0.0,2026-03-23 15:09:28.254703
new_york,2026-03-27 16:00:00,10.9,22.1,0.0,2026-03-23 15:09:28.254703
new_york,2026-03-27 17:00:00,12.1,24.8,0.0,2026-03-23 15:09:28.254703
new_york,2026-03-27 18:00:00,12.3,28.0,0.0,2026-03-23 15:09:28.254703
new_york,2026-03-27 19:00:00,10.7,25.5,0.0,2026-03-23 15:09:28.254703
new_york,2026-03-27 20:00:00,9.2,29.7,0.0,2026-03-23 15:09:28.254703
new_york,2026-03-27 21:00:00,6.4,31.4,0.4,2026-03-23 15:09:28.254703
new_york,2026-03-27 22:00:00,5.3,26.1,0.8,2026-03-23 15:09:28.254703
new_york,2026-03-27 23:00:00,4.6,27.0,0.4,2026-03-23 15:09:28.254703
new_york,2026-03-28 00:00:00,4.2,23.7,0.0,2026-03-23 15:09:28.254703
new_york,2026-03-28 01:00:00,4.3,17.7,0.0,2026-03-23 15:09:28.254703
new_york,2026-03-28 02:00:00,4.2,14.0,0.0,2026-03-23 15:09:28.254703
new_york,2026-03-28 03:00:00,3.8,17.9,0.0,2026-03-23 15:09:28.254703
new_york,2026-03-28 04:00:00,2.8,20.4,0.0,2026-03-23 15:09:28.254703
new_york,2026-03-28 05:00:00,1.9,19.5,0.0,2026-03-23 15:09:28.254703
new_york,2026-03-28 06:00:00,1.0,19.4,0.0,2026-03-23 15:09:28.254703
new_york,2026-03-28 07:00:00,0.2,19.0,0.0,2026-03-23 15:09:28.254703
new_york,2026-03-28 08:00:00,-0.5,18.8,0.0,2026-03-23 15:09:28.254703
new_york,2026-03-28 09:00:00,-1.1,18.6,0.0,2026-03-23 15:09:28.254703
new_york,2026-03-28 10:00:00,-1.5,19.5,0.0,2026-03-23 15:09:28.254703
new_york,2026-03-28 11:00:00,-1.8,20.9,0.0,2026-03-23 15:09:28.254703
new_york,2026-03-28 12:00:00,-1.8,22.1,0.0,2026-03-23 15:09:28.254703
new_york,2026-03-28 13:00:00,-1.3,22.2,0.0,2026-03-23 15:09:28.254703
new_york,2026-03-28 14:00:00,-0.4,22.2,0.0,2026-03-23 15:09:28.254703
new_york,2026-03-28 15:00:00,0.5,21.7,0.0,2026-03-23 15:09:28.254703
new_york,2026-03-28 16:00:00,1.7,20.4,0.0,2026-03-23 15:09:28.254703
new_york,2026-03-28 17:00:00,3.1,18.9,0.0,2026-03-23 15:09:28.254703
new_york,2026-03-28 18:00:00,4.1,19.1,0.0,2026-03-23 15:09:28.254703
new_york,2026-03-28 19:00:00,4.7,21.4,0.0,2026-03-23 15:09:28.254703
new_york,2026-03-28 20:00:00,5.0,24.4,0.0,2026-03-23 15:09:28.254703
new_york,2026-03-28 21:00:00,5.1,25.7,0.0,2026-03-23 15:09:28.254703
new_york,2026-03-28 22:00:00,5.0,22.7,0.0,2026-03-23 15:09:28.254703
new_york,2026-03-28 23:00:00,4.7,17.7,0.0,2026-03-23 15:09:28.254703
new_york,2026-03-29 00:00:00,4.3,13.8,0.0,2026-03-23 15:09:28.254703
new_york,2026-03-29 01:00:00,4.0,12.6,0.0,2026-03-23 15:09:28.254703
new_york,2026-03-29 02:00:00,3.6,12.8,0.0,2026-03-23 15:09:28.254703
new_york,2026-03-29 03:00:00,3.2,13.7,0.0,2026-03-23 15:09:28.254703
new_york,2026-03-29 04:00:00,3.1,15.7,0.0,2026-03-23 15:09:28.254703
new_york,2026-03-29 05:00:00,3.0,18.3,0.0,2026-03-23 15:09:28.254703
new_york,2026-03-29 06:00:00,2.8,20.3,0.0,2026-03-23 15:09:28.254703
new_york,2026-03-29 07:00:00,2.3,20.6,0.0,2026-03-23 15:09:28.254703
new_york,2026-03-29 08:00:00,1.6,20.6,0.0,2026-03-23 15:09:28.254703
new_york,2026-03-29 09:00:00,1.1,20.1,0.0,2026-03-23 15:09:28.254703
new_york,2026-03-29 10:00:00,0.8,19.8,0.0,2026-03-23 15:09:28.254703
new_york,2026-03-29 11:00:00,0.5,19.1,0.0,2026-03-23 15:09:28.254703
new_york,2026-03-29 12:00:00,0.7,18.2,0.0,2026-03-23 15:09:28.254703
new_york,2026-03-29 13:00:00,1.6,16.8,0.0,2026-03-23 15:09:28.254703
new_york,2026-03-29 14:00:00,2.9,15.3,0.0,2026-03-23 15:09:28.254703
new_york,2026-03-29 15:00:00,4.2,14.5,0.0,2026-03-23 15:09:28.254703
new_york,2026-03-29 16:00:00,5.7,16.0,0.0,2026-03-23 15:09:28.254703
new_york,2026-03-29 17:00:00,7.2,18.7,0.0,2026-03-23 15:09:28.254703
new_york,2026-03-29 18:00:00,8.4,19.9,0.0,2026-03-23 15:09:28.254703
new_york,2026-03-29 19:00:00,9.2,17.5,0.0,2026-03-23 15:09:28.254703
new_york,2026-03-29 20:00:00,9.7,14.0,0.0,2026-03-23 15:09:28.254703
new_york,2026-03-29 21:00:00,9.9,10.5,0.0,2026-03-23 15:09:28.254703
new_york,2026-03-29 22:00:00,10.0,5.3,0.0,2026-03-23 15:09:28.254703
new_york,2026-03-29 23:00:00,9.8,4.3,0.0,2026-03-23 15:09:28.254703
paris,2026-03-23 00:00:00,9.2,6.9,0.0,2026-03-23 15:09:28.259830
paris,2026-03-23 01:00:00,8.6,6.6,0.0,2026-03-23 15:09:28.259830
paris,2026-03-23 02:00:00,7.8,6.6,0.0,2026-03-23 15:09:28.259830
paris,2026-03-23 03:00:00,7.4,6.6,0.0,2026-03-23 15:09:28.259830
paris,2026-03-23 04:00:00,7.1,5.6,0.0,2026-03-23 15:09:28.259830
paris,2026-03-23 05:00:00,6.8,5.4,0.0,2026-03-23 15:09:28.259830
paris,2026-03-23 06:00:00,6.5,6.1,0.0,2026-03-23 15:09:28.259830
paris,2026-03-23 07:00:00,7.0,7.2,0.0,2026-03-23 15:09:28.259830
paris,2026-03-23 08:00:00,8.1,6.4,0.0,2026-03-23 15:09:28.259830
paris,2026-03-23 09:00:00,10.1,7.2,0.0,2026-03-23 15:09:28.259830
paris,2026-03-23 10:00:00,11.8,8.1,0.0,2026-03-23 15:09:28.259830
paris,2026-03-23 11:00:00,13.7,8.2,0.0,2026-03-23 15:09:28.259830
paris,2026-03-23 12:00:00,15.7,8.1,0.0,2026-03-23 15:09:28.259830
paris,2026-03-23 13:00:00,16.3,5.5,0.0,2026-03-23 15:09:28.259830
paris,2026-03-23 14:00:00,16.8,7.2,0.0,2026-03-23 15:09:28.259830
paris,2026-03-23 15:00:00,16.9,7.7,0.0,2026-03-23 15:09:28.259830
paris,2026-03-23 16:00:00,17.0,8.7,0.0,2026-03-23 15:09:28.259830
paris,2026-03-23 17:00:00,16.5,7.2,0.0,2026-03-23 15:09:28.259830
paris,2026-03-23 18:00:00,15.7,7.2,0.0,2026-03-23 15:09:28.259830
paris,2026-03-23 19:00:00,14.9,6.1,0.0,2026-03-23 15:09:28.259830
paris,2026-03-23 20:00:00,14.0,3.3,0.0,2026-03-23 15:09:28.259830
paris,2026-03-23 21:00:00,13.3,1.3,0.0,2026-03-23 15:09:28.259830
paris,2026-03-23 22:00:00,12.6,0.5,0.0,2026-03-23 15:09:28.259830
paris,2026-03-23 23:00:00,12.2,2.0,0.0,2026-03-23 15:09:28.259830
paris,2026-03-24 00:00:00,11.6,1.5,0.0,2026-03-23 15:09:28.259830
paris,2026-03-24 01:00:00,11.0,1.8,0.0,2026-03-23 15:09:28.259830
paris,2026-03-24 02:00:00,10.3,2.5,0.0,2026-03-23 15:09:28.259830
paris,2026-03-24 03:00:00,10.2,3.4,0.0,2026-03-23 15:09:28.259830
paris,2026-03-24 04:00:00,9.9,1.9,0.0,2026-03-23 15:09:28.259830
paris,2026-03-24 05:00:00,9.6,1.5,0.0,2026-03-23 15:09:28.259830
paris,2026-03-24 06:00:00,9.4,0.8,0.0,2026-03-23 15:09:28.259830
paris,2026-03-24 07:00:00,9.6,2.4,0.0,2026-03-23 15:09:28.259830
paris,2026-03-24 08:00:00,10.8,2.5,0.0,2026-03-23 15:09:28.259830
paris,2026-03-24 09:00:00,12.5,3.9,0.0,2026-03-23 15:09:28.259830
paris,2026-03-24 10:00:00,14.5,5.9,0.0,2026-03-23 15:09:28.259830
paris,2026-03-24 11:00:00,16.1,8.3,0.0,2026-03-23 15:09:28.259830
paris,2026-03-24 12:00:00,17.4,10.5,0.0,2026-03-23 15:09:28.259830
paris,2026-03-24 13:00:00,18.3,11.4,0.0,2026-03-23 15:09:28.259830
paris,2026-03-24 14:00:00,18.4,11.4,0.0,2026-03-23 15:09:28.259830
paris,2026-03-24 15:00:00,18.3,12.8,0.0,2026-03-23 15:09:28.259830
paris,2026-03-24 16:00:00,18.2,13.9,0.0,2026-03-23 15:09:28.259830
paris,2026-03-24 17:00:00,17.7,14.0,0.0,2026-03-23 15:09:28.259830
paris,2026-03-24 18:00:00,17.0,14.3,0.0,2026-03-23 15:09:28.259830
paris,2026-03-24 19:00:00,16.3,13.0,0.0,2026-03-23 15:09:28.259830
paris,2026-03-24 20:00:00,15.1,12.1,0.0,2026-03-23 15:09:28.259830
paris,2026-03-24 21:00:00,14.1,13.6,0.0,2026-03-23 15:09:28.259830
paris,2026-03-24 22:00:00,13.1,17.1,0.0,2026-03-23 15:09:28.259830
paris,2026-03-24 23:00:00,11.9,19.1,0.0,2026-03-23 15:09:28.259830
paris,2026-03-25 00:00:00,10.9,17.3,0.0,2026-03-23 15:09:28.259830
paris,2026-03-25 01:00:00,10.0,16.0,0.0,2026-03-23 15:09:28.259830
paris,2026-03-25 02:00:00,9.6,17.4,0.0,2026-03-23 15:09:28.259830
paris,2026-03-25 03:00:00,9.9,17.7,0.0,2026-03-23 15:09:28.259830
paris,2026-03-25 04:00:00,10.4,17.1,0.0,2026-03-23 15:09:28.259830
paris,2026-03-25 05:00:00,10.6,18.2,0.1,2026-03-23 15:09:28.259830
paris,2026-03-25 06:00:00,10.1,19.5,0.0,2026-03-23 15:09:28.259830
paris,2026-03-25 07:00:00,9.5,18.4,0.0,2026-03-23 15:09:28.259830
paris,2026-03-25 08:00:00,9.7,23.9,0.0,2026-03-23 15:09:28.259830
paris,2026-03-25 09:00:00,9.7,23.9,0.03,2026-03-23 15:09:28.259830
paris,2026-03-25 10:00:00,9.1,24.3,0.23,2026-03-23 15:09:28.259830
paris,2026-03-25 11:00:00,8.8,22.9,0.4,2026-03-23 15:09:28.259830
paris,2026-03-25 12:00:00,8.8,24.9,0.15,2026-03-23 15:09:28.259830
paris,2026-03-25 13:00:00,9.4,25.6,0.1,2026-03-23 15:09:28.259830
paris,2026-03-25 14:00:00,9.2,21.5,0.3,2026-03-23 15:09:28.259830
paris,2026-03-25 15:00:00,9.7,26.1,0.1,2026-03-23 15:09:28.259830
paris,2026-03-25 16:00:00,9.1,23.8,0.1,2026-03-23 15:09:28.259830
paris,2026-03-25 17:00:00,7.9,21.5,0.1,2026-03-23 15:09:28.259830
paris,2026-03-25 18:00:00,7.0,18.2,0.1,2026-03-23 15:09:28.259830
paris,2026-03-25 19:00:00,6.6,15.3,0.0,2026-03-23 15:09:28.259830
paris,2026-03-25 20:00:00,6.1,14.7,0.0,2026-03-23 15:09:28.259830
paris,2026-03-25 21:00:00,5.4,15.0,0.0,2026-03-23 15:09:28.259830
paris,2026-03-25 22:00:00,5.0,13.8,0.0,2026-03-23 15:09:28.259830
paris,2026-03-25 23:00:00,4.6,12.9,0.0,2026-03-23 15:09:28.259830
paris,2026-03-26 00:00:00,4.4,12.4,0.0,2026-03-23 15:09:28.259830
paris,2026-03-26 01:00:00,4.2,11.8,0.0,2026-03-23 15:09:28.259830
paris,2026-03-26 02:00:00,3.9,12.1,0.0,2026-03-23 15:09:28.259830
paris,2026-03-26 03:00:00,3.6,11.5,0.0,2026-03-23 15:09:28.259830
paris,2026-03-26 04:00:00,3.2,10.5,0.0,2026-03-23 15:09:28.259830
paris,2026-03-26 05:00:00,2.9,10.2,0.0,2026-03-23 15:09:28.259830
paris,2026-03-26 06:00:00,2.6,9.6,0.0,2026-03-23 15:09:28.259830
paris,2026-03-26 07:00:00,3.2,9.6,0.0,2026-03-23 15:09:28.259830
paris,2026-03-26 08:00:00,4.7,10.5,0.0,2026-03-23 15:09:28.259830
paris,2026-03-26 09:00:00,6.5,14.8,0.0,2026-03-23 15:09:28.259830
paris,2026-03-26 10:00:00,8.0,14.7,0.0,2026-03-23 15:09:28.259830
paris,2026-03-26 11:00:00,8.9,16.5,0.1,2026-03-23 15:09:28.259830
paris,2026-03-26 12:00:00,9.4,15.9,0.1,2026-03-23 15:09:28.259830
paris,2026-03-26 13:00:00,9.7,16.9,0.1,2026-03-23 15:09:28.259830
paris,2026-03-26 14:00:00,9.7,18.1,0.1,2026-03-23 15:09:28.259830
paris,2026-03-26 15:00:00,9.4,18.9,0.1,2026-03-23 15:09:28.259830
paris,2026-03-26 16:00:00,8.8,17.6,0.1,2026-03-23 15:09:28.259830
paris,2026-03-26 17:00:00,7.9,15.2,0.1,2026-03-23 15:09:28.259830
paris,2026-03-26 18:00:00,7.0,13.0,0.1,2026-03-23 15:09:28.259830
paris,2026-03-26 19:00:00,6.2,11.5,0.0,2026-03-23 15:09:28.259830
paris,2026-03-26 20:00:00,5.3,9.5,0.0,2026-03-23 15:09:28.259830
paris,2026-03-26 21:00:00,4.5,7.9,0.0,2026-03-23 15:09:28.259830
paris,2026-03-26 22:00:00,3.9,5.8,0.0,2026-03-23 15:09:28.259830
paris,2026-03-26 23:00:00,3.4,3.9,0.0,2026-03-23 15:09:28.259830
paris,2026-03-27 00:00:00,2.9,2.5,0.0,2026-03-23 15:09:28.259830
paris,2026-03-27 01:00:00,2.3,2.4,0.0,2026-03-23 15:09:28.259830
paris,2026-03-27 02:00:00,1.7,2.7,0.0,2026-03-23 15:09:28.259830
paris,2026-03-27 03:00:00,1.3,3.1,0.0,2026-03-23 15:09:28.259830
paris,2026-03-27 04:00:00,0.9,3.0,0.0,2026-03-23 15:09:28.259830
paris,2026-03-27 05:00:00,0.7,2.9,0.0,2026-03-23 15:09:28.259830
paris,2026-03-27 06:00:00,1.0,2.5,0.0,2026-03-23 15:09:28.259830
paris,2026-03-27 07:00:00,2.1,2.3,0.0,2026-03-23 15:09:28.259830
paris,2026-03-27 08:00:00,3.5,2.1,0.0,2026-03-23 15:09:28.259830
paris,2026-03-27 09:00:00,5.0,2.5,0.0,2026-03-23 15:09:28.259830
paris,2026-03-27 10:00:00,6.4,3.6,0.0,2026-03-23 15:09:28.259830
paris,2026-03-27 11:00:00,7.7,4.8,0.0,2026-03-23 15:09:28.259830
paris,2026-03-27 12:00:00,8.8,5.9,0.0,2026-03-23 15:09:28.259830
paris,2026-03-27 13:00:00,9.8,6.8,0.0,2026-03-23 15:09:28.259830
paris,2026-03-27 14:00:00,10.7,7.7,0.0,2026-03-23 15:09:28.259830
paris,2026-03-27 15:00:00,11.2,8.3,0.0,2026-03-23 15:09:28.259830
paris,2026-03-27 16:00:00,11.1,8.3,0.0,2026-03-23 15:09:28.259830
paris,2026-03-27 17:00:00,10.6,7.7,0.0,2026-03-23 15:09:28.259830
paris,2026-03-27 18:00:00,10.0,7.2,0.0,2026-03-23 15:09:28.259830
paris,2026-03-27 19:00:00,9.5,6.4,0.2,2026-03-23 15:09:28.259830
paris,2026-03-27 20:00:00,9.0,5.9,0.2,2026-03-23 15:09:28.259830
paris,2026-03-27 21:00:00,8.6,5.4,0.2,2026-03-23 15:09:28.259830
paris,2026-03-27 22:00:00,8.4,5.1,0.2,2026-03-23 15:09:28.259830
paris,2026-03-27 23:00:00,8.4,5.1,0.2,2026-03-23 15:09:28.259830
paris,2026-03-28 00:00:00,8.4,4.8,0.2,2026-03-23 15:09:28.259830
paris,2026-03-28 01:00:00,8.5,4.6,0.3,2026-03-23 15:09:28.259830
paris,2026-03-28 02:00:00,8.6,4.8,0.3,2026-03-23 15:09:28.259830
paris,2026-03-28 03:00:00,8.8,4.9,0.3,2026-03-23 15:09:28.259830
paris,2026-03-28 04:00:00,9.0,5.8,0.35,2026-03-23 15:09:28.259830
paris,2026-03-28 05:00:00,9.3,7.1,0.3,2026-03-23 15:09:28.259830
paris,2026-03-28 06:00:00,9.5,8.3,0.25,2026-03-23 15:09:28.259830
paris,2026-03-28 07:00:00,9.7,8.2,1.2,2026-03-23 15:09:28.259830
paris,2026-03-28 08:00:00,10.3,9.2,1.2,2026-03-23 15:09:28.259830
paris,2026-03-28 09:00:00,10.6,10.5,1.2,2026-03-23 15:09:28.259830
paris,2026-03-28 10:00:00,10.5,13.4,0.3,2026-03-23 15:09:28.259830
paris,2026-03-28 11:00:00,10.1,18.4,0.3,2026-03-23 15:09:28.259830
paris,2026-03-28 12:00:00,9.9,22.5,0.3,2026-03-23 15:09:28.259830
paris,2026-03-28 13:00:00,10.4,24.6,0.0,2026-03-23 15:09:28.259830
paris,2026-03-28 14:00:00,11.2,25.4,0.0,2026-03-23 15:09:28.259830
paris,2026-03-28 15:00:00,11.4,25.5,0.0,2026-03-23 15:09:28.259830
paris,2026-03-28 16:00:00,10.6,24.3,0.0,2026-03-23 15:09:28.259830
paris,2026-03-28 17:00:00,9.2,22.5,0.0,2026-03-23 15:09:28.259830
paris,2026-03-28 18:00:00,8.0,20.6,0.0,2026-03-23 15:09:28.259830
paris,2026-03-28 19:00:00,7.2,18.5,0.0,2026-03-23 15:09:28.259830
paris,2026-03-28 20:00:00,6.5,16.9,0.0,2026-03-23 15:09:28.259830
paris,2026-03-28 21:00:00,5.9,15.2,0.0,2026-03-23 15:09:28.259830
paris,2026-03-28 22:00:00,5.3,13.6,0.0,2026-03-23 15:09:28.259830
paris,2026-03-28 23:00:00,4.8,12.4,0.0,2026-03-23 15:09:28.259830
paris,2026-03-29 00:00:00,4.4,10.9,0.0,2026-03-23 15:09:28.259830
paris,2026-03-29 01:00:00,4.1,9.6,0.0,2026-03-23 15:09:28.259830
paris,2026-03-29 02:00:00,3.9,8.3,0.0,2026-03-23 15:09:28.259830
paris,2026-03-29 03:00:00,3.7,7.2,0.0,2026-03-23 15:09:28.259830
paris,2026-03-29 04:00:00,3.3,6.4,0.0,2026-03-23 15:09:28.259830
paris,2026-03-29 05:00:00,3.0,5.7,0.0,2026-03-23 15:09:28.259830
paris,2026-03-29 06:00:00,3.1,5.6,0.0,2026-03-23 15:09:28.259830
paris,2026-03-29 07:00:00,4.0,6.0,0.0,2026-03-23 15:09:28.259830
paris,2026-03-29 08:00:00,5.3,6.9,0.0,2026-03-23 15:09:28.259830
paris,2026-03-29 09:00:00,6.7,7.9,0.0,2026-03-23 15:09:28.259830
paris,2026-03-29 10:00:00,8.2,9.4,0.0,2026-03-23 15:09:28.259830
paris,2026-03-29 11:00:00,9.7,11.7,0.0,2026-03-23 15:09:28.259830
paris,2026-03-29 12:00:00,10.9,13.7,0.0,2026-03-23 15:09:28.259830
paris,2026-03-29 13:00:00,11.6,15.5,0.0,2026-03-23 15:09:28.259830
paris,2026-03-29 14:00:00,11.9,16.8,0.0,2026-03-23 15:09:28.259830
paris,2026-03-29 15:00:00,11.8,18.3,0.0,2026-03-23 15:09:28.259830
paris,2026-03-29 16:00:00,11.2,18.9,0.2,2026-03-23 15:09:28.259830
paris,2026-03-29 17:00:00,10.2,19.3,0.2,2026-03-23 15:09:28.259830
paris,2026-03-29 18:00:00,9.4,19.7,0.2,2026-03-23 15:09:28.259830
paris,2026-03-29 19:00:00,9.0,19.9,0.4,2026-03-23 15:09:28.259830
paris,2026-03-29 20:00:00,8.8,20.3,0.4,2026-03-23 15:09:28.259830
paris,2026-03-29 21:00:00,8.6,20.2,0.4,2026-03-23 15:09:28.259830
paris,2026-03-29 22:00:00,8.3,18.0,0.0,2026-03-23 15:09:28.259830
paris,2026-03-29 23:00:00,8.0,15.1,0.0,2026-03-23 15:09:28.259830
rome,2026-03-23 00:00:00,8.4,2.5,0.0,2026-03-23 15:09:28.264417
rome,2026-03-23 01:00:00,7.8,2.9,0.0,2026-03-23 15:09:28.264417
rome,2026-03-23 02:00:00,7.2,3.1,0.0,2026-03-23 15:09:28.264417
rome,2026-03-23 03:00:00,6.5,3.4,0.0,2026-03-23 15:09:28.264417
rome,2026-03-23 04:00:00,6.2,3.1,0.0,2026-03-23 15:09:28.264417
rome,2026-03-23 05:00:00,5.7,3.1,0.0,2026-03-23 15:09:28.264417
rome,2026-03-23 06:00:00,5.6,2.9,0.0,2026-03-23 15:09:28.264417
rome,2026-03-23 07:00:00,7.1,3.7,0.0,2026-03-23 15:09:28.264417
rome,2026-03-23 08:00:00,9.3,6.1,0.0,2026-03-23 15:09:28.264417
rome,2026-03-23 09:00:00,12.0,7.3,0.0,2026-03-23 15:09:28.264417
rome,2026-03-23 10:00:00,14.2,6.3,0.0,2026-03-23 15:09:28.264417
rome,2026-03-23 11:00:00,15.6,5.8,0.0,2026-03-23 15:09:28.264417
rome,2026-03-23 12:00:00,16.1,6.0,0.0,2026-03-23 15:09:28.264417
rome,2026-03-23 13:00:00,16.3,6.9,0.0,2026-03-23 15:09:28.264417
rome,2026-03-23 14:00:00,15.7,11.4,0.1,2026-03-23 15:09:28.264417
rome,2026-03-23 15:00:00,15.2,11.3,0.0,2026-03-23 15:09:28.264417
rome,2026-03-23 16:00:00,14.8,10.6,0.0,2026-03-23 15:09:28.264417
rome,2026-03-23 17:00:00,14.1,9.8,0.0,2026-03-23 15:09:28.264417
rome,2026-03-23 18:00:00,13.1,5.4,0.0,2026-03-23 15:09:28.264417
rome,2026-03-23 19:00:00,12.1,3.1,0.0,2026-03-23 15:09:28.264417
rome,2026-03-23 20:00:00,11.6,1.8,0.0,2026-03-23 15:09:28.264417
rome,2026-03-23 21:00:00,10.9,2.6,0.0,2026-03-23 15:09:28.264417
rome,2026-03-23 22:00:00,9.5,3.9,0.0,2026-03-23 15:09:28.264417
rome,2026-03-23 23:00:00,8.6,3.9,0.0,2026-03-23 15:09:28.264417
rome,2026-03-24 00:00:00,8.2,3.4,0.0,2026-03-23 15:09:28.264417
rome,2026-03-24 01:00:00,7.7,3.1,0.0,2026-03-23 15:09:28.264417
rome,2026-03-24 02:00:00,7.1,3.1,0.0,2026-03-23 15:09:28.264417
rome,2026-03-24 03:00:00,6.6,2.9,0.0,2026-03-23 15:09:28.264417
rome,2026-03-24 04:00:00,6.1,3.1,0.0,2026-03-23 15:09:28.264417
rome,2026-03-24 05:00:00,5.8,3.2,0.0,2026-03-23 15:09:28.264417
rome,2026-03-24 06:00:00,5.8,3.4,0.0,2026-03-23 15:09:28.264417
rome,2026-03-24 07:00:00,7.7,2.9,0.0,2026-03-23 15:09:28.264417
rome,2026-03-24 08:00:00,10.3,6.4,0.0,2026-03-23 15:09:28.264417
rome,2026-03-24 09:00:00,12.8,7.1,0.0,2026-03-23 15:09:28.264417
rome,2026-03-24 10:00:00,15.2,8.5,0.0,2026-03-23 15:09:28.264417
rome,2026-03-24 11:00:00,16.8,8.2,0.0,2026-03-23 15:09:28.264417
rome,2026-03-24 12:00:00,17.9,2.5,0.0,2026-03-23 15:09:28.264417
rome,2026-03-24 13:00:00,18.7,3.3,0.0,2026-03-23 15:09:28.264417
rome,2026-03-24 14:00:00,19.1,7.2,0.0,2026-03-23 15:09:28.264417
rome,2026-03-24 15:00:00,18.3,8.0,0.0,2026-03-23 15:09:28.264417
rome,2026-03-24 16:00:00,18.1,12.9,0.0,2026-03-23 15:09:28.264417
rome,2026-03-24 17:00:00,16.7,10.2,0.0,2026-03-23 15:09:28.264417
rome,2026-03-24 18:00:00,15.4,6.3,0.0,2026-03-23 15:09:28.264417
rome,2026-03-24 19:00:00,14.2,5.9,0.0,2026-03-23 15:09:28.264417
rome,2026-03-24 20:00:00,13.0,4.8,0.0,2026-03-23 15:09:28.264417
rome,2026-03-24 21:00:00,12.0,3.9,0.0,2026-03-23 15:09:28.264417
rome,2026-03-24 22:00:00,11.1,4.0,0.0,2026-03-23 15:09:28.264417
rome,2026-03-24 23:00:00,10.5,3.3,0.0,2026-03-23 15:09:28.264417
rome,2026-03-25 00:00:00,9.6,3.4,0.0,2026-03-23 15:09:28.264417
rome,2026-03-25 01:00:00,8.9,3.2,0.0,2026-03-23 15:09:28.264417
rome,2026-03-25 02:00:00,8.3,3.1,0.0,2026-03-23 15:09:28.264417
rome,2026-03-25 03:00:00,7.7,3.0,0.0,2026-03-23 15:09:28.264417
rome,2026-03-25 04:00:00,7.2,2.5,0.0,2026-03-23 15:09:28.264417
rome,2026-03-25 05:00:00,6.6,2.9,0.0,2026-03-23 15:09:28.264417
rome,2026-03-25 06:00:00,6.5,2.6,0.0,2026-03-23 15:09:28.264417
rome,2026-03-25 07:00:00,8.4,2.4,0.0,2026-03-23 15:09:28.264417
rome,2026-03-25 08:00:00,11.0,4.2,0.0,2026-03-23 15:09:28.264417
rome,2026-03-25 09:00:00,13.4,4.3,0.0,2026-03-23 15:09:28.264417
rome,2026-03-25 10:00:00,15.7,1.4,0.0,2026-03-23 15:09:28.264417
rome,2026-03-25 11:00:00,17.4,6.3,0.0,2026-03-23 15:09:28.264417
rome,2026-03-25 12:00:00,18.3,10.1,0.0,2026-03-23 15:09:28.264417
rome,2026-03-25 13:00:00,18.3,13.5,0.0,2026-03-23 15:09:28.264417
rome,2026-03-25 14:00:00,17.9,15.5,0.0,2026-03-23 15:09:28.264417
rome,2026-03-25 15:00:00,17.2,14.8,0.0,2026-03-23 15:09:28.264417
rome,2026-03-25 16:00:00,16.2,14.4,0.0,2026-03-23 15:09:28.264417
rome,2026-03-25 17:00:00,14.7,13.6,0.0,2026-03-23 15:09:28.264417
rome,2026-03-25 18:00:00,13.7,8.9,0.0,2026-03-23 15:09:28.264417
rome,2026-03-25 19:00:00,13.1,8.7,0.1,2026-03-23 15:09:28.264417
rome,2026-03-25 20:00:00,12.9,10.8,0.1,2026-03-23 15:09:28.264417
rome,2026-03-25 21:00:00,13.0,12.1,0.3,2026-03-23 15:09:28.264417
rome,2026-03-25 22:00:00,12.9,12.6,0.1,2026-03-23 15:09:28.264417
rome,2026-03-25 23:00:00,13.1,15.5,0.1,2026-03-23 15:09:28.264417
rome,2026-03-26 00:00:00,13.2,16.7,0.1,2026-03-23 15:09:28.264417
rome,2026-03-26 01:00:00,13.7,15.8,0.4,2026-03-23 15:09:28.264417
rome,2026-03-26 02:00:00,13.3,11.4,0.0,2026-03-23 15:09:28.264417
rome,2026-03-26 03:00:00,12.7,13.0,0.0,2026-03-23 15:09:28.264417
rome,2026-03-26 04:00:00,11.5,9.1,0.0,2026-03-23 15:09:28.264417
rome,2026-03-26 05:00:00,10.9,13.4,0.0,2026-03-23 15:09:28.264417
rome,2026-03-26 06:00:00,10.9,15.4,0.0,2026-03-23 15:09:28.264417
rome,2026-03-26 07:00:00,11.7,18.6,0.0,2026-03-23 15:09:28.264417
rome,2026-03-26 08:00:00,12.1,19.4,0.0,2026-03-23 15:09:28.264417
rome,2026-03-26 09:00:00,12.1,17.2,0.0,2026-03-23 15:09:28.264417
rome,2026-03-26 10:00:00,12.5,18.9,0.0,2026-03-23 15:09:28.264417
rome,2026-03-26 11:00:00,14.3,20.6,0.0,2026-03-23 15:09:28.264417
rome,2026-03-26 12:00:00,14.5,21.6,0.0,2026-03-23 15:09:28.264417
rome,2026-03-26 13:00:00,13.4,17.3,0.6,2026-03-23 15:09:28.264417
rome,2026-03-26 14:00:00,11.5,15.1,0.6,2026-03-23 15:09:28.264417
rome,2026-03-26 15:00:00,10.0,16.4,0.6,2026-03-23 15:09:28.264417
rome,2026-03-26 16:00:00,9.1,13.8,0.2,2026-03-23 15:09:28.264417
rome,2026-03-26 17:00:00,8.5,9.2,0.2,2026-03-23 15:09:28.264417
rome,2026-03-26 18:00:00,8.0,7.4,0.2,2026-03-23 15:09:28.264417
rome,2026-03-26 19:00:00,7.5,8.9,0.0,2026-03-23 15:09:28.264417
rome,2026-03-26 20:00:00,7.1,12.8,0.0,2026-03-23 15:09:28.264417
rome,2026-03-26 21:00:00,6.8,16.2,0.0,2026-03-23 15:09:28.264417
rome,2026-03-26 22:00:00,6.6,17.3,0.0,2026-03-23 15:09:28.264417
rome,2026-03-26 23:00:00,6.4,17.3,0.0,2026-03-23 15:09:28.264417
rome,2026-03-27 00:00:00,6.4,17.3,0.0,2026-03-23 15:09:28.264417
rome,2026-03-27 01:00:00,6.4,17.3,0.0,2026-03-23 15:09:28.264417
rome,2026-03-27 02:00:00,6.5,16.6,0.0,2026-03-23 15:09:28.264417
rome,2026-03-27 03:00:00,6.6,16.2,0.0,2026-03-23 15:09:28.264417
rome,2026-03-27 04:00:00,6.5,15.1,0.0,2026-03-23 15:09:28.264417
rome,2026-03-27 05:00:00,6.3,14.4,0.0,2026-03-23 15:09:28.264417
rome,2026-03-27 06:00:00,6.5,14.1,0.0,2026-03-23 15:09:28.264417
rome,2026-03-27 07:00:00,7.4,15.6,0.0,2026-03-23 15:09:28.264417
rome,2026-03-27 08:00:00,8.6,17.8,0.0,2026-03-23 15:09:28.264417
rome,2026-03-27 09:00:00,9.8,19.6,0.0,2026-03-23 15:09:28.264417
rome,2026-03-27 10:00:00,10.9,20.6,0.0,2026-03-23 15:09:28.264417
rome,2026-03-27 11:00:00,12.1,20.9,0.0,2026-03-23 15:09:28.264417
rome,2026-03-27 12:00:00,12.9,21.3,0.0,2026-03-23 15:09:28.264417
rome,2026-03-27 13:00:00,13.3,21.0,0.0,2026-03-23 15:09:28.264417
rome,2026-03-27 14:00:00,13.4,20.6,0.0,2026-03-23 15:09:28.264417
rome,2026-03-27 15:00:00,13.2,19.6,0.0,2026-03-23 15:09:28.264417
rome,2026-03-27 16:00:00,12.7,18.4,0.0,2026-03-23 15:09:28.264417
rome,2026-03-27 17:00:00,11.9,16.6,0.0,2026-03-23 15:09:28.264417
rome,2026-03-27 18:00:00,11.0,15.1,0.0,2026-03-23 15:09:28.264417
rome,2026-03-27 19:00:00,10.2,13.3,0.0,2026-03-23 15:09:28.264417
rome,2026-03-27 20:00:00,9.4,11.5,0.0,2026-03-23 15:09:28.264417
rome,2026-03-27 21:00:00,8.8,10.2,0.0,2026-03-23 15:09:28.264417
rome,2026-03-27 22:00:00,8.4,9.5,0.0,2026-03-23 15:09:28.264417
rome,2026-03-27 23:00:00,8.2,9.3,0.0,2026-03-23 15:09:28.264417
rome,2026-03-28 00:00:00,8.1,9.3,0.0,2026-03-23 15:09:28.264417
rome,2026-03-28 01:00:00,7.8,8.9,0.0,2026-03-23 15:09:28.264417
rome,2026-03-28 02:00:00,7.6,8.8,0.0,2026-03-23 15:09:28.264417
rome,2026-03-28 03:00:00,7.5,9.1,0.0,2026-03-23 15:09:28.264417
rome,2026-03-28 04:00:00,7.5,11.1,0.0,2026-03-23 15:09:28.264417
rome,2026-03-28 05:00:00,7.7,13.5,0.0,2026-03-23 15:09:28.264417
rome,2026-03-28 06:00:00,8.0,15.5,0.0,2026-03-23 15:09:28.264417
rome,2026-03-28 07:00:00,8.4,17.9,0.0,2026-03-23 15:09:28.264417
rome,2026-03-28 08:00:00,10.4,20.3,0.0,2026-03-23 15:09:28.264417
rome,2026-03-28 09:00:00,12.2,22.3,0.0,2026-03-23 15:09:28.264417
rome,2026-03-28 10:00:00,13.6,22.4,0.0,2026-03-23 15:09:28.264417
rome,2026-03-28 11:00:00,14.9,22.1,0.0,2026-03-23 15:09:28.264417
rome,2026-03-28 12:00:00,15.6,22.4,0.0,2026-03-23 15:09:28.264417
rome,2026-03-28 13:00:00,15.5,24.9,0.0,2026-03-23 15:09:28.264417
rome,2026-03-28 14:00:00,14.9,28.1,0.0,2026-03-23 15:09:28.264417
rome,2026-03-28 15:00:00,14.0,29.5,0.0,2026-03-23 15:09:28.264417
rome,2026-03-28 16:00:00,13.1,28.1,0.0,2026-03-23 15:09:28.264417
rome,2026-03-28 17:00:00,11.9,25.2,0.0,2026-03-23 15:09:28.264417
rome,2026-03-28 18:00:00,11.0,22.4,0.0,2026-03-23 15:09:28.264417
rome,2026-03-28 19:00:00,10.4,20.8,0.0,2026-03-23 15:09:28.264417
rome,2026-03-28 20:00:00,9.9,19.3,0.0,2026-03-23 15:09:28.264417
rome,2026-03-28 21:00:00,9.6,17.9,0.0,2026-03-23 15:09:28.264417
rome,2026-03-28 22:00:00,9.2,15.8,0.0,2026-03-23 15:09:28.264417
rome,2026-03-28 23:00:00,8.9,13.7,0.0,2026-03-23 15:09:28.264417
rome,2026-03-29 00:00:00,8.7,12.2,0.0,2026-03-23 15:09:28.264417
rome,2026-03-29 01:00:00,8.7,12.3,0.0,2026-03-23 15:09:28.264417
rome,2026-03-29 02:00:00,8.9,13.9,0.0,2026-03-23 15:09:28.264417
rome,2026-03-29 03:00:00,9.1,14.4,0.0,2026-03-23 15:09:28.264417
rome,2026-03-29 04:00:00,9.2,13.6,0.0,2026-03-23 15:09:28.264417
rome,2026-03-29 05:00:00,9.3,12.2,0.0,2026-03-23 15:09:28.264417
rome,2026-03-29 06:00:00,9.8,11.7,0.0,2026-03-23 15:09:28.264417
rome,2026-03-29 07:00:00,10.9,13.0,0.1,2026-03-23 15:09:28.264417
rome,2026-03-29 08:00:00,12.3,15.1,0.1,2026-03-23 15:09:28.264417
rome,2026-03-29 09:00:00,13.7,16.8,0.1,2026-03-23 15:09:28.264417
rome,2026-03-29 10:00:00,15.1,17.9,0.0,2026-03-23 15:09:28.264417
rome,2026-03-29 11:00:00,16.5,18.7,0.0,2026-03-23 15:09:28.264417
rome,2026-03-29 12:00:00,17.5,19.2,0.0,2026-03-23 15:09:28.264417
rome,2026-03-29 13:00:00,17.9,19.2,0.0,2026-03-23 15:09:28.264417
rome,2026-03-29 14:00:00,17.9,18.7,0.0,2026-03-23 15:09:28.264417
rome,2026-03-29 15:00:00,17.5,17.2,0.0,2026-03-23 15:09:28.264417
rome,2026-03-29 16:00:00,16.6,14.5,0.0,2026-03-23 15:09:28.264417
rome,2026-03-29 17:00:00,15.4,11.8,0.0,2026-03-23 15:09:28.264417
rome,2026-03-29 18:00:00,14.3,9.7,0.0,2026-03-23 15:09:28.264417
rome,2026-03-29 19:00:00,13.3,9.1,0.0,2026-03-23 15:09:28.264417
rome,2026-03-29 20:00:00,12.5,9.4,0.0,2026-03-23 15:09:28.264417
rome,2026-03-29 21:00:00,11.7,9.5,0.0,2026-03-23 15:09:28.264417
rome,2026-03-29 22:00:00,11.1,8.4,0.0,2026-03-23 15:09:28.264417
rome,2026-03-29 23:00:00,10.5,6.6,0.0,2026-03-23 15:09:28.264417
san_francisco,2026-03-23 00:00:00,19.4,16.7,0.0,2026-03-23 15:09:28.268862
san_francisco,2026-03-23 01:00:00,16.3,23.7,0.0,2026-03-23 15:09:28.268862
san_francisco,2026-03-23 02:00:00,14.8,22.7,0.0,2026-03-23 15:09:28.268862
san_francisco,2026-03-23 03:00:00,13.6,22.1,0.0,2026-03-23 15:09:28.268862
san_francisco,2026-03-23 04:00:00,12.5,21.2,0.0,2026-03-23 15:09:28.268862
san_francisco,2026-03-23 05:00:00,12.2,9.7,0.0,2026-03-23 15:09:28.268862
san_francisco,2026-03-23 06:00:00,11.7,6.5,0.0,2026-03-23 15:09:28.268862
san_francisco,2026-03-23 07:00:00,11.3,3.6,0.0,2026-03-23 15:09:28.268862
san_francisco,2026-03-23 08:00:00,11.1,6.9,0.0,2026-03-23 15:09:28.268862
san_francisco,2026-03-23 09:00:00,10.8,10.0,0.0,2026-03-23 15:09:28.268862
san_francisco,2026-03-23 10:00:00,10.3,9.0,0.0,2026-03-23 15:09:28.268862
san_francisco,2026-03-23 11:00:00,10.2,10.9,0.0,2026-03-23 15:09:28.268862
san_francisco,2026-03-23 12:00:00,10.2,5.6,0.0,2026-03-23 15:09:28.268862
san_francisco,2026-03-23 13:00:00,9.8,3.4,0.0,2026-03-23 15:09:28.268862
san_francisco,2026-03-23 14:00:00,9.4,5.0,0.0,2026-03-23 15:09:28.268862
san_francisco,2026-03-23 15:00:00,10.3,5.4,0.0,2026-03-23 15:09:28.268862
san_francisco,2026-03-23 16:00:00,12.9,3.1,0.0,2026-03-23 15:09:28.268862
san_francisco,2026-03-23 17:00:00,14.9,4.3,0.0,2026-03-23 15:09:28.268862
san_francisco,2026-03-23 18:00:00,16.7,4.5,0.0,2026-03-23 15:09:28.268862
san_francisco,2026-03-23 19:00:00,19.7,2.3,0.0,2026-03-23 15:09:28.268862
san_francisco,2026-03-23 20:00:00,21.6,9.1,0.0,2026-03-23 15:09:28.268862
san_francisco,2026-03-23 21:00:00,21.5,16.1,0.0,2026-03-23 15:09:28.268862
san_francisco,2026-03-23 22:00:00,21.0,21.3,0.0,2026-03-23 15:09:28.268862
san_francisco,2026-03-23 23:00:00,20.1,23.8,0.0,2026-03-23 15:09:28.268862
san_francisco,2026-03-24 00:00:00,19.2,23.7,0.0,2026-03-23 15:09:28.268862
san_francisco,2026-03-24 01:00:00,18.1,22.7,0.0,2026-03-23 15:09:28.268862
san_francisco,2026-03-24 02:00:00,16.4,21.2,0.0,2026-03-23 15:09:28.268862
san_francisco,2026-03-24 03:00:00,14.8,14.6,0.0,2026-03-23 15:09:28.268862
san_francisco,2026-03-24 04:00:00,14.1,14.0,0.0,2026-03-23 15:09:28.268862
san_francisco,2026-03-24 05:00:00,13.4,9.4,0.0,2026-03-23 15:09:28.268862
san_francisco,2026-03-24 06:00:00,12.3,3.5,0.0,2026-03-23 15:09:28.268862
san_francisco,2026-03-24 07:00:00,11.5,5.8,0.0,2026-03-23 15:09:28.268862
san_francisco,2026-03-24 08:00:00,10.7,1.8,0.0,2026-03-23 15:09:28.268862
san_francisco,2026-03-24 09:00:00,10.5,6.8,0.0,2026-03-23 15:09:28.268862
san_francisco,2026-03-24 10:00:00,11.0,11.6,0.0,2026-03-23 15:09:28.268862
san_francisco,2026-03-24 11:00:00,10.7,7.7,0.0,2026-03-23 15:09:28.268862
san_francisco,2026-03-24 12:00:00,9.8,7.1,0.0,2026-03-23 15:09:28.268862
san_francisco,2026-03-24 13:00:00,9.6,6.4,0.0,2026-03-23 15:09:28.268862
san_francisco,2026-03-24 14:00:00,9.7,7.9,0.0,2026-03-23 15:09:28.268862
san_francisco,2026-03-24 15:00:00,10.6,7.0,0.0,2026-03-23 15:09:28.268862
san_francisco,2026-03-24 16:00:00,13.3,6.6,0.0,2026-03-23 15:09:28.268862
san_francisco,2026-03-24 17:00:00,15.9,5.5,0.0,2026-03-23 15:09:28.268862
san_francisco,2026-03-24 18:00:00,19.1,4.3,0.0,2026-03-23 15:09:28.268862
san_francisco,2026-03-24 19:00:00,21.9,3.4,0.0,2026-03-23 15:09:28.268862
san_francisco,2026-03-24 20:00:00,21.6,15.1,0.0,2026-03-23 15:09:28.268862
san_francisco,2026-03-24 21:00:00,20.6,22.6,0.0,2026-03-23 15:09:28.268862
san_francisco,2026-03-24 22:00:00,19.8,25.7,0.0,2026-03-23 15:09:28.268862
san_francisco,2026-03-24 23:00:00,18.9,25.3,0.0,2026-03-23 15:09:28.268862
san_francisco,2026-03-25 00:00:00,17.6,25.6,0.0,2026-03-23 15:09:28.268862
san_francisco,2026-03-25 01:00:00,16.2,24.9,0.0,2026-03-23 15:09:28.268862
san_francisco,2026-03-25 02:00:00,14.6,22.0,0.0,2026-03-23 15:09:28.268862
san_francisco,2026-03-25 03:00:00,13.1,17.2,0.0,2026-03-23 15:09:28.268862
san_francisco,2026-03-25 04:00:00,12.0,16.9,0.0,2026-03-23 15:09:28.268862
san_francisco,2026-03-25 05:00:00,11.1,17.2,0.0,2026-03-23 15:09:28.268862
san_francisco,2026-03-25 06:00:00,10.6,15.9,0.0,2026-03-23 15:09:28.268862
san_francisco,2026-03-25 07:00:00,10.2,14.5,0.0,2026-03-23 15:09:28.268862
san_francisco,2026-03-25 08:00:00,10.2,11.5,0.0,2026-03-23 15:09:28.268862
san_francisco,2026-03-25 09:00:00,10.6,11.3,0.0,2026-03-23 15:09:28.268862
san_francisco,2026-03-25 10:00:00,11.2,7.4,0.0,2026-03-23 15:09:28.268862
san_francisco,2026-03-25 11:00:00,11.6,7.5,0.0,2026-03-23 15:09:28.268862
san_francisco,2026-03-25 12:00:00,12.6,9.6,0.0,2026-03-23 15:09:28.268862
san_francisco,2026-03-25 13:00:00,12.9,8.0,0.0,2026-03-23 15:09:28.268862
san_francisco,2026-03-25 14:00:00,12.8,6.5,0.0,2026-03-23 15:09:28.268862
san_francisco,2026-03-25 15:00:00,13.4,6.2,0.0,2026-03-23 15:09:28.268862
san_francisco,2026-03-25 16:00:00,14.5,8.4,0.0,2026-03-23 15:09:28.268862
san_francisco,2026-03-25 17:00:00,15.6,9.1,0.0,2026-03-23 15:09:28.268862
san_francisco,2026-03-25 18:00:00,17.1,10.0,0.0,2026-03-23 15:09:28.268862
san_francisco,2026-03-25 19:00:00,17.8,12.9,0.0,2026-03-23 15:09:28.268862
san_francisco,2026-03-25 20:00:00,17.4,17.3,0.0,2026-03-23 15:09:28.268862
san_francisco,2026-03-25 21:00:00,17.7,21.9,0.0,2026-03-23 15:09:28.268862
san_francisco,2026-03-25 22:00:00,17.2,24.4,0.0,2026-03-23 15:09:28.268862
san_francisco,2026-03-25 23:00:00,16.8,25.6,0.0,2026-03-23 15:09:28.268862
san_francisco,2026-03-26 00:00:00,16.0,26.5,0.0,2026-03-23 15:09:28.268862
san_francisco,2026-03-26 01:00:00,15.1,25.5,0.0,2026-03-23 15:09:28.268862
san_francisco,2026-03-26 02:00:00,13.8,20.2,0.0,2026-03-23 15:09:28.268862
san_francisco,2026-03-26 03:00:00,12.9,18.2,0.0,2026-03-23 15:09:28.268862
san_francisco,2026-03-26 04:00:00,12.5,17.3,0.0,2026-03-23 15:09:28.268862
san_francisco,2026-03-26 05:00:00,12.1,16.0,0.0,2026-03-23 15:09:28.268862
san_francisco,2026-03-26 06:00:00,11.7,16.6,0.0,2026-03-23 15:09:28.268862
san_francisco,2026-03-26 07:00:00,11.6,14.2,0.0,2026-03-23 15:09:28.268862
san_francisco,2026-03-26 08:00:00,11.3,12.4,0.0,2026-03-23 15:09:28.268862
san_francisco,2026-03-26 09:00:00,11.1,10.0,0.0,2026-03-23 15:09:28.268862
san_francisco,2026-03-26 10:00:00,10.8,7.1,0.0,2026-03-23 15:09:28.268862
san_francisco,2026-03-26 11:00:00,10.7,4.7,0.0,2026-03-23 15:09:28.268862
san_francisco,2026-03-26 12:00:00,10.5,2.7,0.0,2026-03-23 15:09:28.268862
san_francisco,2026-03-26 13:00:00,10.5,2.6,0.0,2026-03-23 15:09:28.268862
san_francisco,2026-03-26 14:00:00,10.5,3.4,0.0,2026-03-23 15:09:28.268862
san_francisco,2026-03-26 15:00:00,11.3,4.3,0.0,2026-03-23 15:09:28.268862
san_francisco,2026-03-26 16:00:00,12.9,6.8,0.0,2026-03-23 15:09:28.268862
san_francisco,2026-03-26 17:00:00,14.7,7.9,0.0,2026-03-23 15:09:28.268862
san_francisco,2026-03-26 18:00:00,16.5,8.7,0.0,2026-03-23 15:09:28.268862
san_francisco,2026-03-26 19:00:00,18.7,12.2,0.0,2026-03-23 15:09:28.268862
san_francisco,2026-03-26 20:00:00,20.9,16.2,0.0,2026-03-23 15:09:28.268862
san_francisco,2026-03-26 21:00:00,21.8,16.9,0.0,2026-03-23 15:09:28.268862
san_francisco,2026-03-26 22:00:00,20.8,14.7,0.0,2026-03-23 15:09:28.268862
san_francisco,2026-03-26 23:00:00,20.1,11.8,0.0,2026-03-23 15:09:28.268862
san_francisco,2026-03-27 00:00:00,18.1,11.5,0.0,2026-03-23 15:09:28.268862
san_francisco,2026-03-27 01:00:00,17.2,10.0,0.0,2026-03-23 15:09:28.268862
san_francisco,2026-03-27 02:00:00,16.9,9.4,0.0,2026-03-23 15:09:28.268862
san_francisco,2026-03-27 03:00:00,16.6,8.0,0.0,2026-03-23 15:09:28.268862
san_francisco,2026-03-27 04:00:00,16.4,6.4,0.0,2026-03-23 15:09:28.268862
san_francisco,2026-03-27 05:00:00,16.1,4.2,0.0,2026-03-23 15:09:28.268862
san_francisco,2026-03-27 06:00:00,16.0,2.2,0.0,2026-03-23 15:09:28.268862
san_francisco,2026-03-27 07:00:00,16.1,3.1,0.0,2026-03-23 15:09:28.268862
san_francisco,2026-03-27 08:00:00,16.1,3.6,0.0,2026-03-23 15:09:28.268862
san_francisco,2026-03-27 09:00:00,15.9,3.4,0.0,2026-03-23 15:09:28.268862
san_francisco,2026-03-27 10:00:00,15.7,4.7,0.0,2026-03-23 15:09:28.268862
san_francisco,2026-03-27 11:00:00,15.5,5.0,0.0,2026-03-23 15:09:28.268862
san_francisco,2026-03-27 12:00:00,15.3,5.2,0.0,2026-03-23 15:09:28.268862
san_francisco,2026-03-27 13:00:00,15.1,6.2,0.0,2026-03-23 15:09:28.268862
san_francisco,2026-03-27 14:00:00,14.9,6.8,0.0,2026-03-23 15:09:28.268862
san_francisco,2026-03-27 15:00:00,15.4,8.3,0.0,2026-03-23 15:09:28.268862
san_francisco,2026-03-27 16:00:00,16.7,8.3,0.0,2026-03-23 15:09:28.268862
san_francisco,2026-03-27 17:00:00,18.3,8.4,0.0,2026-03-23 15:09:28.268862
san_francisco,2026-03-27 18:00:00,19.7,9.5,0.0,2026-03-23 15:09:28.268862
san_francisco,2026-03-27 19:00:00,21.3,8.3,0.0,2026-03-23 15:09:28.268862
san_francisco,2026-03-27 20:00:00,23.0,6.8,0.0,2026-03-23 15:09:28.268862
san_francisco,2026-03-27 21:00:00,24.3,5.4,0.0,2026-03-23 15:09:28.268862
san_francisco,2026-03-27 22:00:00,25.4,6.7,0.0,2026-03-23 15:09:28.268862
san_francisco,2026-03-27 23:00:00,25.4,8.0,0.0,2026-03-23 15:09:28.268862
san_francisco,2026-03-28 00:00:00,24.9,9.7,0.0,2026-03-23 15:09:28.268862
san_francisco,2026-03-28 01:00:00,23.2,10.9,0.0,2026-03-23 15:09:28.268862
san_francisco,2026-03-28 02:00:00,18.6,11.8,0.0,2026-03-23 15:09:28.268862
san_francisco,2026-03-28 03:00:00,17.3,8.4,0.0,2026-03-23 15:09:28.268862
san_francisco,2026-03-28 04:00:00,17.5,5.9,0.0,2026-03-23 15:09:28.268862
san_francisco,2026-03-28 05:00:00,17.3,5.2,0.0,2026-03-23 15:09:28.268862
san_francisco,2026-03-28 06:00:00,16.6,4.5,0.0,2026-03-23 15:09:28.268862
san_francisco,2026-03-28 07:00:00,16.1,5.2,0.0,2026-03-23 15:09:28.268862
san_francisco,2026-03-28 08:00:00,15.5,6.2,0.0,2026-03-23 15:09:28.268862
san_francisco,2026-03-28 09:00:00,15.0,7.3,0.0,2026-03-23 15:09:28.268862
san_francisco,2026-03-28 10:00:00,14.5,7.3,0.0,2026-03-23 15:09:28.268862
san_francisco,2026-03-28 11:00:00,14.0,7.1,0.0,2026-03-23 15:09:28.268862
san_francisco,2026-03-28 12:00:00,13.7,6.4,0.0,2026-03-23 15:09:28.268862
san_francisco,2026-03-28 13:00:00,13.5,5.6,0.0,2026-03-23 15:09:28.268862
san_francisco,2026-03-28 14:00:00,13.4,4.5,0.0,2026-03-23 15:09:28.268862
san_francisco,2026-03-28 15:00:00,13.8,4.0,0.0,2026-03-23 15:09:28.268862
san_francisco,2026-03-28 16:00:00,14.9,4.7,0.0,2026-03-23 15:09:28.268862
san_francisco,2026-03-28 17:00:00,16.4,6.0,0.0,2026-03-23 15:09:28.268862
san_francisco,2026-03-28 18:00:00,17.9,7.3,0.0,2026-03-23 15:09:28.268862
san_francisco,2026-03-28 19:00:00,19.3,8.1,0.0,2026-03-23 15:09:28.268862
san_francisco,2026-03-28 20:00:00,20.6,8.6,0.0,2026-03-23 15:09:28.268862
san_francisco,2026-03-28 21:00:00,21.3,8.9,0.0,2026-03-23 15:09:28.268862
san_francisco,2026-03-28 22:00:00,21.1,9.6,0.0,2026-03-23 15:09:28.268862
san_francisco,2026-03-28 23:00:00,20.3,10.5,0.0,2026-03-23 15:09:28.268862
san_francisco,2026-03-29 00:00:00,19.4,10.7,0.0,2026-03-23 15:09:28.268862
san_francisco,2026-03-29 01:00:00,18.2,9.9,0.0,2026-03-23 15:09:28.268862
san_francisco,2026-03-29 02:00:00,16.9,8.3,0.0,2026-03-23 15:09:28.268862
san_francisco,2026-03-29 03:00:00,15.8,7.2,0.0,2026-03-23 15:09:28.268862
san_francisco,2026-03-29 04:00:00,15.2,6.5,0.0,2026-03-23 15:09:28.268862
san_francisco,2026-03-29 05:00:00,14.9,5.8,0.0,2026-03-23 15:09:28.268862
san_francisco,2026-03-29 06:00:00,14.7,5.2,0.0,2026-03-23 15:09:28.268862
san_francisco,2026-03-29 07:00:00,14.4,4.5,0.0,2026-03-23 15:09:28.268862
san_francisco,2026-03-29 08:00:00,14.1,3.7,0.0,2026-03-23 15:09:28.268862
san_francisco,2026-03-29 09:00:00,13.9,3.0,0.0,2026-03-23 15:09:28.268862
san_francisco,2026-03-29 10:00:00,13.7,1.9,0.0,2026-03-23 15:09:28.268862
san_francisco,2026-03-29 11:00:00,13.5,1.0,0.0,2026-03-23 15:09:28.268862
san_francisco,2026-03-29 12:00:00,13.5,0.5,0.0,2026-03-23 15:09:28.268862
san_francisco,2026-03-29 13:00:00,13.4,1.8,0.0,2026-03-23 15:09:28.268862
san_francisco,2026-03-29 14:00:00,13.6,3.1,0.0,2026-03-23 15:09:28.268862
san_francisco,2026-03-29 15:00:00,14.3,4.0,0.0,2026-03-23 15:09:28.268862
san_francisco,2026-03-29 16:00:00,16.1,4.2,0.0,2026-03-23 15:09:28.268862
san_francisco,2026-03-29 17:00:00,18.4,4.1,0.0,2026-03-23 15:09:28.268862
san_francisco,2026-03-29 18:00:00,20.6,3.1,0.0,2026-03-23 15:09:28.268862
san_francisco,2026-03-29 19:00:00,22.3,2.5,0.0,2026-03-23 15:09:28.268862
san_francisco,2026-03-29 20:00:00,23.8,6.9,0.0,2026-03-23 15:09:28.268862
san_francisco,2026-03-29 21:00:00,24.5,10.4,0.0,2026-03-23 15:09:28.268862
san_francisco,2026-03-29 22:00:00,23.9,12.0,0.0,2026-03-23 15:09:28.268862
san_francisco,2026-03-29 23:00:00,22.5,12.6,0.0,2026-03-23 15:09:28.268862
singapore,2026-03-23 00:00:00,24.4,8.5,0.0,2026-03-23 15:09:28.274021
singapore,2026-03-23 01:00:00,26.1,11.9,0.0,2026-03-23 15:09:28.274021
singapore,2026-03-23 02:00:00,28.1,15.4,0.0,2026-03-23 15:09:28.274021
singapore,2026-03-23 03:00:00,30.2,15.5,0.0,2026-03-23 15:09:28.274021
singapore,2026-03-23 04:00:00,31.9,15.5,0.0,2026-03-23 15:09:28.274021
singapore,2026-03-23 05:00:00,33.1,14.1,0.0,2026-03-23 15:09:28.274021
singapore,2026-03-23 06:00:00,33.9,12.8,0.0,2026-03-23 15:09:28.274021
singapore,2026-03-23 07:00:00,34.3,12.3,0.0,2026-03-23 15:09:28.274021
singapore,2026-03-23 08:00:00,34.1,13.0,0.0,2026-03-23 15:09:28.274021
singapore,2026-03-23 09:00:00,33.4,12.2,0.0,2026-03-23 15:09:28.274021
singapore,2026-03-23 10:00:00,32.0,14.2,0.0,2026-03-23 15:09:28.274021
singapore,2026-03-23 11:00:00,29.9,15.8,0.0,2026-03-23 15:09:28.274021
singapore,2026-03-23 12:00:00,28.3,13.9,0.0,2026-03-23 15:09:28.274021
singapore,2026-03-23 13:00:00,27.2,12.7,0.0,2026-03-23 15:09:28.274021
singapore,2026-03-23 14:00:00,26.6,10.7,0.0,2026-03-23 15:09:28.274021
singapore,2026-03-23 15:00:00,26.2,9.4,0.0,2026-03-23 15:09:28.274021
singapore,2026-03-23 16:00:00,25.9,8.5,0.0,2026-03-23 15:09:28.274021
singapore,2026-03-23 17:00:00,25.5,7.2,0.0,2026-03-23 15:09:28.274021
singapore,2026-03-23 18:00:00,25.2,6.7,0.0,2026-03-23 15:09:28.274021
singapore,2026-03-23 19:00:00,25.0,6.1,0.0,2026-03-23 15:09:28.274021
singapore,2026-03-23 20:00:00,24.8,4.8,0.0,2026-03-23 15:09:28.274021
singapore,2026-03-23 21:00:00,24.7,5.6,0.0,2026-03-23 15:09:28.274021
singapore,2026-03-23 22:00:00,24.5,5.6,0.0,2026-03-23 15:09:28.274021
singapore,2026-03-23 23:00:00,24.3,5.9,0.0,2026-03-23 15:09:28.274021
singapore,2026-03-24 00:00:00,24.6,6.1,0.0,2026-03-23 15:09:28.274021
singapore,2026-03-24 01:00:00,26.1,7.6,0.0,2026-03-23 15:09:28.274021
singapore,2026-03-24 02:00:00,28.0,10.6,0.0,2026-03-23 15:09:28.274021
singapore,2026-03-24 03:00:00,29.9,11.8,0.0,2026-03-23 15:09:28.274021
singapore,2026-03-24 04:00:00,31.9,11.7,0.0,2026-03-23 15:09:28.274021
singapore,2026-03-24 05:00:00,33.0,10.9,0.0,2026-03-23 15:09:28.274021
singapore,2026-03-24 06:00:00,33.6,10.4,0.0,2026-03-23 15:09:28.274021
singapore,2026-03-24 07:00:00,33.9,8.4,0.0,2026-03-23 15:09:28.274021
singapore,2026-03-24 08:00:00,34.1,3.6,0.0,2026-03-23 15:09:28.274021
singapore,2026-03-24 09:00:00,33.5,4.4,0.0,2026-03-23 15:09:28.274021
singapore,2026-03-24 10:00:00,32.4,5.2,0.0,2026-03-23 15:09:28.274021
singapore,2026-03-24 11:00:00,30.1,12.4,0.0,2026-03-23 15:09:28.274021
singapore,2026-03-24 12:00:00,28.1,15.3,0.0,2026-03-23 15:09:28.274021
singapore,2026-03-24 13:00:00,27.1,12.0,0.0,2026-03-23 15:09:28.274021
singapore,2026-03-24 14:00:00,26.5,9.1,0.0,2026-03-23 15:09:28.274021
singapore,2026-03-24 15:00:00,26.0,7.6,0.0,2026-03-23 15:09:28.274021
singapore,2026-03-24 16:00:00,25.6,7.0,0.0,2026-03-23 15:09:28.274021
singapore,2026-03-24 17:00:00,25.3,6.4,0.0,2026-03-23 15:09:28.274021
singapore,2026-03-24 18:00:00,25.0,6.2,0.0,2026-03-23 15:09:28.274021
singapore,2026-03-24 19:00:00,24.9,5.5,0.0,2026-03-23 15:09:28.274021
singapore,2026-03-24 20:00:00,24.8,4.0,0.0,2026-03-23 15:09:28.274021
singapore,2026-03-24 21:00:00,24.7,3.3,0.0,2026-03-23 15:09:28.274021
singapore,2026-03-24 22:00:00,24.7,2.9,0.0,2026-03-23 15:09:28.274021
singapore,2026-03-24 23:00:00,24.6,2.5,0.0,2026-03-23 15:09:28.274021
singapore,2026-03-25 00:00:00,25.1,3.1,0.0,2026-03-23 15:09:28.274021
singapore,2026-03-25 01:00:00,26.6,6.4,0.0,2026-03-23 15:09:28.274021
singapore,2026-03-25 02:00:00,28.5,12.9,0.0,2026-03-23 15:09:28.274021
singapore,2026-03-25 03:00:00,30.4,12.6,0.0,2026-03-23 15:09:28.274021
singapore,2026-03-25 04:00:00,31.8,12.2,0.0,2026-03-23 15:09:28.274021
singapore,2026-03-25 05:00:00,33.0,12.2,0.0,2026-03-23 15:09:28.274021
singapore,2026-03-25 06:00:00,33.9,12.0,0.0,2026-03-23 15:09:28.274021
singapore,2026-03-25 07:00:00,34.3,10.3,0.0,2026-03-23 15:09:28.274021
singapore,2026-03-25 08:00:00,34.5,6.0,0.0,2026-03-23 15:09:28.274021
singapore,2026-03-25 09:00:00,34.0,3.6,0.0,2026-03-23 15:09:28.274021
singapore,2026-03-25 10:00:00,33.1,3.6,0.0,2026-03-23 15:09:28.274021
singapore,2026-03-25 11:00:00,32.0,5.6,0.0,2026-03-23 15:09:28.274021
singapore,2026-03-25 12:00:00,29.3,13.8,0.0,2026-03-23 15:09:28.274021
singapore,2026-03-25 13:00:00,27.5,13.5,0.0,2026-03-23 15:09:28.274021
singapore,2026-03-25 14:00:00,26.9,11.5,0.0,2026-03-23 15:09:28.274021
singapore,2026-03-25 15:00:00,26.3,9.7,0.0,2026-03-23 15:09:28.274021
singapore,2026-03-25 16:00:00,25.7,8.7,0.0,2026-03-23 15:09:28.274021
singapore,2026-03-25 17:00:00,25.3,7.4,0.0,2026-03-23 15:09:28.274021
singapore,2026-03-25 18:00:00,25.0,6.6,0.0,2026-03-23 15:09:28.274021
singapore,2026-03-25 19:00:00,24.7,6.1,0.0,2026-03-23 15:09:28.274021
singapore,2026-03-25 20:00:00,24.6,5.1,0.0,2026-03-23 15:09:28.274021
singapore,2026-03-25 21:00:00,24.5,5.4,0.0,2026-03-23 15:09:28.274021
singapore,2026-03-25 22:00:00,24.4,5.4,0.0,2026-03-23 15:09:28.274021
singapore,2026-03-25 23:00:00,24.3,4.6,0.0,2026-03-23 15:09:28.274021
singapore,2026-03-26 00:00:00,24.6,4.3,0.0,2026-03-23 15:09:28.274021
singapore,2026-03-26 01:00:00,26.1,6.9,0.0,2026-03-23 15:09:28.274021
singapore,2026-03-26 02:00:00,28.2,12.2,0.0,2026-03-23 15:09:28.274021
singapore,2026-03-26 03:00:00,30.2,13.1,0.0,2026-03-23 15:09:28.274021
singapore,2026-03-26 04:00:00,32.2,13.2,0.0,2026-03-23 15:09:28.274021
singapore,2026-03-26 05:00:00,33.6,12.6,0.0,2026-03-23 15:09:28.274021
singapore,2026-03-26 06:00:00,34.7,12.6,0.0,2026-03-23 15:09:28.274021
singapore,2026-03-26 07:00:00,35.1,12.0,0.0,2026-03-23 15:09:28.274021
singapore,2026-03-26 08:00:00,35.1,8.3,0.0,2026-03-23 15:09:28.274021
singapore,2026-03-26 09:00:00,34.1,5.6,0.0,2026-03-23 15:09:28.274021
singapore,2026-03-26 10:00:00,32.2,1.1,0.0,2026-03-23 15:09:28.274021
singapore,2026-03-26 11:00:00,30.5,9.0,0.1,2026-03-23 15:09:28.274021
singapore,2026-03-26 12:00:00,29.2,12.0,0.0,2026-03-23 15:09:28.274021
singapore,2026-03-26 13:00:00,28.1,11.7,0.0,2026-03-23 15:09:28.274021
singapore,2026-03-26 14:00:00,27.4,9.0,0.0,2026-03-23 15:09:28.274021
singapore,2026-03-26 15:00:00,26.8,7.4,0.0,2026-03-23 15:09:28.274021
singapore,2026-03-26 16:00:00,26.3,7.4,0.0,2026-03-23 15:09:28.274021
singapore,2026-03-26 17:00:00,26.0,8.0,0.0,2026-03-23 15:09:28.274021
singapore,2026-03-26 18:00:00,25.8,8.4,0.0,2026-03-23 15:09:28.274021
singapore,2026-03-26 19:00:00,25.4,8.1,0.0,2026-03-23 15:09:28.274021
singapore,2026-03-26 20:00:00,25.1,7.7,0.0,2026-03-23 15:09:28.274021
singapore,2026-03-26 21:00:00,24.9,7.2,0.0,2026-03-23 15:09:28.274021
singapore,2026-03-26 22:00:00,24.6,6.8,0.0,2026-03-23 15:09:28.274021
singapore,2026-03-26 23:00:00,24.5,6.4,0.0,2026-03-23 15:09:28.274021
singapore,2026-03-27 00:00:00,24.9,6.4,0.0,2026-03-23 15:09:28.274021
singapore,2026-03-27 01:00:00,26.3,7.6,0.0,2026-03-23 15:09:28.274021
singapore,2026-03-27 02:00:00,28.3,9.5,0.0,2026-03-23 15:09:28.274021
singapore,2026-03-27 03:00:00,30.1,10.5,0.0,2026-03-23 15:09:28.274021
singapore,2026-03-27 04:00:00,31.5,10.2,0.0,2026-03-23 15:09:28.274021
singapore,2026-03-27 05:00:00,32.7,9.7,0.0,2026-03-23 15:09:28.274021
singapore,2026-03-27 06:00:00,33.6,8.3,0.0,2026-03-23 15:09:28.274021
singapore,2026-03-27 07:00:00,34.2,4.7,0.0,2026-03-23 15:09:28.274021
singapore,2026-03-27 08:00:00,34.4,3.5,0.0,2026-03-23 15:09:28.274021
singapore,2026-03-27 09:00:00,34.1,6.4,0.0,2026-03-23 15:09:28.274021
singapore,2026-03-27 10:00:00,32.8,7.3,0.0,2026-03-23 15:09:28.274021
singapore,2026-03-27 11:00:00,30.8,10.8,0.0,2026-03-23 15:09:28.274021
singapore,2026-03-27 12:00:00,29.2,14.1,0.0,2026-03-23 15:09:28.274021
singapore,2026-03-27 13:00:00,28.1,13.3,0.0,2026-03-23 15:09:28.274021
singapore,2026-03-27 14:00:00,27.2,10.1,0.0,2026-03-23 15:09:28.274021
singapore,2026-03-27 15:00:00,26.6,7.9,0.0,2026-03-23 15:09:28.274021
singapore,2026-03-27 16:00:00,26.1,6.9,0.0,2026-03-23 15:09:28.274021
singapore,2026-03-27 17:00:00,25.9,6.4,0.0,2026-03-23 15:09:28.274021
singapore,2026-03-27 18:00:00,25.7,6.4,0.0,2026-03-23 15:09:28.274021
singapore,2026-03-27 19:00:00,25.4,6.6,0.0,2026-03-23 15:09:28.274021
singapore,2026-03-27 20:00:00,25.3,7.2,0.0,2026-03-23 15:09:28.274021
singapore,2026-03-27 21:00:00,25.1,7.2,0.0,2026-03-23 15:09:28.274021
singapore,2026-03-27 22:00:00,24.9,6.3,0.0,2026-03-23 15:09:28.274021
singapore,2026-03-27 23:00:00,24.7,5.2,0.0,2026-03-23 15:09:28.274021
singapore,2026-03-28 00:00:00,25.1,4.7,0.0,2026-03-23 15:09:28.274021
singapore,2026-03-28 01:00:00,26.4,6.3,0.0,2026-03-23 15:09:28.274021
singapore,2026-03-28 02:00:00,28.4,8.2,0.0,2026-03-23 15:09:28.274021
singapore,2026-03-28 03:00:00,30.2,9.4,0.0,2026-03-23 15:09:28.274021
singapore,2026-03-28 04:00:00,31.7,7.9,0.0,2026-03-23 15:09:28.274021
singapore,2026-03-28 05:00:00,33.1,4.9,0.0,2026-03-23 15:09:28.274021
singapore,2026-03-28 06:00:00,34.0,2.7,0.0,2026-03-23 15:09:28.274021
singapore,2026-03-28 07:00:00,34.3,2.7,0.0,2026-03-23 15:09:28.274021
singapore,2026-03-28 08:00:00,33.2,6.3,0.0,2026-03-23 15:09:28.274021
singapore,2026-03-28 09:00:00,32.0,8.4,0.0,2026-03-23 15:09:28.274021
singapore,2026-03-28 10:00:00,30.9,8.7,0.0,2026-03-23 15:09:28.274021
singapore,2026-03-28 11:00:00,29.7,11.6,0.0,2026-03-23 15:09:28.274021
singapore,2026-03-28 12:00:00,28.7,14.3,0.0,2026-03-23 15:09:28.274021
singapore,2026-03-28 13:00:00,27.9,13.2,0.0,2026-03-23 15:09:28.274021
singapore,2026-03-28 14:00:00,27.3,10.5,0.0,2026-03-23 15:09:28.274021
singapore,2026-03-28 15:00:00,26.8,8.0,0.0,2026-03-23 15:09:28.274021
singapore,2026-03-28 16:00:00,26.4,6.2,0.0,2026-03-23 15:09:28.274021
singapore,2026-03-28 17:00:00,26.2,4.5,0.0,2026-03-23 15:09:28.274021
singapore,2026-03-28 18:00:00,26.0,3.9,0.0,2026-03-23 15:09:28.274021
singapore,2026-03-28 19:00:00,25.8,3.4,0.0,2026-03-23 15:09:28.274021
singapore,2026-03-28 20:00:00,25.6,3.3,0.0,2026-03-23 15:09:28.274021
singapore,2026-03-28 21:00:00,25.4,2.9,0.0,2026-03-23 15:09:28.274021
singapore,2026-03-28 22:00:00,25.2,2.9,0.0,2026-03-23 15:09:28.274021
singapore,2026-03-28 23:00:00,25.1,3.0,0.0,2026-03-23 15:09:28.274021
singapore,2026-03-29 00:00:00,25.5,2.9,0.0,2026-03-23 15:09:28.274021
singapore,2026-03-29 01:00:00,26.8,3.6,0.0,2026-03-23 15:09:28.274021
singapore,2026-03-29 02:00:00,28.6,4.7,0.0,2026-03-23 15:09:28.274021
singapore,2026-03-29 03:00:00,30.2,5.9,0.0,2026-03-23 15:09:28.274021
singapore,2026-03-29 04:00:00,31.6,6.2,0.0,2026-03-23 15:09:28.274021
singapore,2026-03-29 05:00:00,32.7,6.8,0.0,2026-03-23 15:09:28.274021
singapore,2026-03-29 06:00:00,33.3,8.1,0.0,2026-03-23 15:09:28.274021
singapore,2026-03-29 07:00:00,32.8,9.5,0.1,2026-03-23 15:09:28.274021
singapore,2026-03-29 08:00:00,31.8,11.2,0.1,2026-03-23 15:09:28.274021
singapore,2026-03-29 09:00:00,30.8,12.3,0.1,2026-03-23 15:09:28.274021
singapore,2026-03-29 10:00:00,30.1,11.9,0.0,2026-03-23 15:09:28.274021
singapore,2026-03-29 11:00:00,29.4,10.9,0.0,2026-03-23 15:09:28.274021
singapore,2026-03-29 12:00:00,28.8,10.0,0.0,2026-03-23 15:09:28.274021
singapore,2026-03-29 13:00:00,28.2,9.3,0.0,2026-03-23 15:09:28.274021
singapore,2026-03-29 14:00:00,27.5,8.7,0.0,2026-03-23 15:09:28.274021
singapore,2026-03-29 15:00:00,27.0,8.0,0.0,2026-03-23 15:09:28.274021
singapore,2026-03-29 16:00:00,26.7,6.5,0.0,2026-03-23 15:09:28.274021
singapore,2026-03-29 17:00:00,26.4,5.0,0.0,2026-03-23 15:09:28.274021
singapore,2026-03-29 18:00:00,26.2,3.9,0.0,2026-03-23 15:09:28.274021
singapore,2026-03-29 19:00:00,25.9,3.4,0.0,2026-03-23 15:09:28.274021
singapore,2026-03-29 20:00:00,25.7,3.3,0.0,2026-03-23 15:09:28.274021
singapore,2026-03-29 21:00:00,25.5,3.4,0.0,2026-03-23 15:09:28.274021
singapore,2026-03-29 22:00:00,25.3,3.5,0.0,2026-03-23 15:09:28.274021
singapore,2026-03-29 23:00:00,25.2,3.4,0.0,2026-03-23 15:09:28.274021
sydney,2026-03-23 00:00:00,22.0,6.5,0.2,2026-03-23 15:09:28.278902
sydney,2026-03-23 01:00:00,23.0,7.9,0.7,2026-03-23 15:09:28.278902
sydney,2026-03-23 02:00:00,23.3,8.5,0.5,2026-03-23 15:09:28.278902
sydney,2026-03-23 03:00:00,23.4,9.0,0.8,2026-03-23 15:09:28.278902
sydney,2026-03-23 04:00:00,23.5,9.4,0.2,2026-03-23 15:09:28.278902
sydney,2026-03-23 05:00:00,23.6,9.8,0.3,2026-03-23 15:09:28.278902
sydney,2026-03-23 06:00:00,25.1,11.2,0.1,2026-03-23 15:09:28.278902
sydney,2026-03-23 07:00:00,24.2,10.4,0.0,2026-03-23 15:09:28.278902
sydney,2026-03-23 08:00:00,23.3,9.1,0.0,2026-03-23 15:09:28.278902
sydney,2026-03-23 09:00:00,22.1,6.5,0.0,2026-03-23 15:09:28.278902
sydney,2026-03-23 10:00:00,21.1,4.7,0.0,2026-03-23 15:09:28.278902
sydney,2026-03-23 11:00:00,20.5,3.2,0.0,2026-03-23 15:09:28.278902
sydney,2026-03-23 12:00:00,20.1,3.0,0.1,2026-03-23 15:09:28.278902
sydney,2026-03-23 13:00:00,19.8,2.3,0.0,2026-03-23 15:09:28.278902
sydney,2026-03-23 14:00:00,19.3,2.3,0.0,2026-03-23 15:09:28.278902
sydney,2026-03-23 15:00:00,19.0,1.8,0.0,2026-03-23 15:09:28.278902
sydney,2026-03-23 16:00:00,18.6,2.3,0.0,2026-03-23 15:09:28.278902
sydney,2026-03-23 17:00:00,18.0,2.2,0.0,2026-03-23 15:09:28.278902
sydney,2026-03-23 18:00:00,17.8,1.9,0.0,2026-03-23 15:09:28.278902
sydney,2026-03-23 19:00:00,17.9,1.8,0.0,2026-03-23 15:09:28.278902
sydney,2026-03-23 20:00:00,17.3,2.6,0.0,2026-03-23 15:09:28.278902
sydney,2026-03-23 21:00:00,17.5,1.1,0.0,2026-03-23 15:09:28.278902
sydney,2026-03-23 22:00:00,20.3,0.8,0.0,2026-03-23 15:09:28.278902
sydney,2026-03-23 23:00:00,22.2,2.3,0.0,2026-03-23 15:09:28.278902
sydney,2026-03-24 00:00:00,23.7,3.9,0.0,2026-03-23 15:09:28.278902
sydney,2026-03-24 01:00:00,25.1,5.5,0.0,2026-03-23 15:09:28.278902
sydney,2026-03-24 02:00:00,26.4,7.6,0.0,2026-03-23 15:09:28.278902
sydney,2026-03-24 03:00:00,27.2,9.5,0.0,2026-03-23 15:09:28.278902
sydney,2026-03-24 04:00:00,27.1,11.5,0.0,2026-03-23 15:09:28.278902
sydney,2026-03-24 05:00:00,26.5,12.2,0.0,2026-03-23 15:09:28.278902
sydney,2026-03-24 06:00:00,25.6,12.6,0.0,2026-03-23 15:09:28.278902
sydney,2026-03-24 07:00:00,24.3,12.6,0.0,2026-03-23 15:09:28.278902
sydney,2026-03-24 08:00:00,22.7,10.9,0.0,2026-03-23 15:09:28.278902
sydney,2026-03-24 09:00:00,21.6,7.3,0.0,2026-03-23 15:09:28.278902
sydney,2026-03-24 10:00:00,20.8,3.3,0.0,2026-03-23 15:09:28.278902
sydney,2026-03-24 11:00:00,20.6,1.1,0.0,2026-03-23 15:09:28.278902
sydney,2026-03-24 12:00:00,20.5,2.3,0.0,2026-03-23 15:09:28.278902
sydney,2026-03-24 13:00:00,19.8,2.1,0.0,2026-03-23 15:09:28.278902
sydney,2026-03-24 14:00:00,19.4,1.8,0.2,2026-03-23 15:09:28.278902
sydney,2026-03-24 15:00:00,19.2,2.5,0.0,2026-03-23 15:09:28.278902
sydney,2026-03-24 16:00:00,19.0,2.8,0.0,2026-03-23 15:09:28.278902
sydney,2026-03-24 17:00:00,18.7,1.8,0.0,2026-03-23 15:09:28.278902
sydney,2026-03-24 18:00:00,18.2,2.7,0.0,2026-03-23 15:09:28.278902
sydney,2026-03-24 19:00:00,17.8,3.2,0.0,2026-03-23 15:09:28.278902
sydney,2026-03-24 20:00:00,17.4,2.6,0.0,2026-03-23 15:09:28.278902
sydney,2026-03-24 21:00:00,17.8,2.9,0.0,2026-03-23 15:09:28.278902
sydney,2026-03-24 22:00:00,19.7,4.7,0.0,2026-03-23 15:09:28.278902
sydney,2026-03-24 23:00:00,21.9,5.1,0.0,2026-03-23 15:09:28.278902
sydney,2026-03-25 00:00:00,23.9,2.1,0.0,2026-03-23 15:09:28.278902
sydney,2026-03-25 01:00:00,25.4,1.1,0.0,2026-03-23 15:09:28.278902
sydney,2026-03-25 02:00:00,26.5,2.1,0.0,2026-03-23 15:09:28.278902
sydney,2026-03-25 03:00:00,27.4,3.3,0.0,2026-03-23 15:09:28.278902
sydney,2026-03-25 04:00:00,28.1,6.5,0.0,2026-03-23 15:09:28.278902
sydney,2026-03-25 05:00:00,27.8,11.1,0.0,2026-03-23 15:09:28.278902
sydney,2026-03-25 06:00:00,26.1,14.2,0.0,2026-03-23 15:09:28.278902
sydney,2026-03-25 07:00:00,25.2,11.2,0.0,2026-03-23 15:09:28.278902
sydney,2026-03-25 08:00:00,23.8,7.7,0.0,2026-03-23 15:09:28.278902
sydney,2026-03-25 09:00:00,22.3,4.3,0.0,2026-03-23 15:09:28.278902
sydney,2026-03-25 10:00:00,21.4,0.8,0.0,2026-03-23 15:09:28.278902
sydney,2026-03-25 11:00:00,20.8,4.0,0.0,2026-03-23 15:09:28.278902
sydney,2026-03-25 12:00:00,19.0,2.4,0.0,2026-03-23 15:09:28.278902
sydney,2026-03-25 13:00:00,18.2,2.0,0.0,2026-03-23 15:09:28.278902
sydney,2026-03-25 14:00:00,17.2,2.9,0.0,2026-03-23 15:09:28.278902
sydney,2026-03-25 15:00:00,16.4,1.1,0.0,2026-03-23 15:09:28.278902
sydney,2026-03-25 16:00:00,15.6,2.5,0.0,2026-03-23 15:09:28.278902
sydney,2026-03-25 17:00:00,15.1,2.9,0.0,2026-03-23 15:09:28.278902
sydney,2026-03-25 18:00:00,14.9,2.6,0.0,2026-03-23 15:09:28.278902
sydney,2026-03-25 19:00:00,14.6,2.5,0.0,2026-03-23 15:09:28.278902
sydney,2026-03-25 20:00:00,14.1,2.9,0.0,2026-03-23 15:09:28.278902
sydney,2026-03-25 21:00:00,14.8,2.5,0.0,2026-03-23 15:09:28.278902
sydney,2026-03-25 22:00:00,18.1,2.6,0.0,2026-03-23 15:09:28.278902
sydney,2026-03-25 23:00:00,21.4,5.2,0.0,2026-03-23 15:09:28.278902
sydney,2026-03-26 00:00:00,24.5,5.1,0.0,2026-03-23 15:09:28.278902
sydney,2026-03-26 01:00:00,27.3,6.1,0.0,2026-03-23 15:09:28.278902
sydney,2026-03-26 02:00:00,29.6,7.2,0.0,2026-03-23 15:09:28.278902
sydney,2026-03-26 03:00:00,30.2,7.8,0.0,2026-03-23 15:09:28.278902
sydney,2026-03-26 04:00:00,29.4,8.0,0.0,2026-03-23 15:09:28.278902
sydney,2026-03-26 05:00:00,27.0,8.0,1.3,2026-03-23 15:09:28.278902
sydney,2026-03-26 06:00:00,28.3,8.4,0.1,2026-03-23 15:09:28.278902
sydney,2026-03-26 07:00:00,26.6,8.1,0.1,2026-03-23 15:09:28.278902
sydney,2026-03-26 08:00:00,24.5,9.4,0.3,2026-03-23 15:09:28.278902
sydney,2026-03-26 09:00:00,21.5,5.1,1.3,2026-03-23 15:09:28.278902
sydney,2026-03-26 10:00:00,20.5,4.5,1.0,2026-03-23 15:09:28.278902
sydney,2026-03-26 11:00:00,19.9,6.5,2.6,2026-03-23 15:09:28.278902
sydney,2026-03-26 12:00:00,19.7,3.1,0.4,2026-03-23 15:09:28.278902
sydney,2026-03-26 13:00:00,19.4,4.5,0.0,2026-03-23 15:09:28.278902
sydney,2026-03-26 14:00:00,19.1,9.1,0.0,2026-03-23 15:09:28.278902
sydney,2026-03-26 15:00:00,18.6,12.1,0.0,2026-03-23 15:09:28.278902
sydney,2026-03-26 16:00:00,17.5,11.3,0.0,2026-03-23 15:09:28.278902
sydney,2026-03-26 17:00:00,16.1,9.4,0.0,2026-03-23 15:09:28.278902
sydney,2026-03-26 18:00:00,14.9,9.0,0.0,2026-03-23 15:09:28.278902
sydney,2026-03-26 19:00:00,13.8,10.5,0.0,2026-03-23 15:09:28.278902
sydney,2026-03-26 20:00:00,12.8,13.1,0.0,2026-03-23 15:09:28.278902
sydney,2026-03-26 21:00:00,12.6,15.2,0.0,2026-03-23 15:09:28.278902
sydney,2026-03-26 22:00:00,13.6,17.3,0.0,2026-03-23 15:09:28.278902
sydney,2026-03-26 23:00:00,15.2,19.8,0.0,2026-03-23 15:09:28.278902
sydney,2026-03-27 00:00:00,16.3,22.5,0.0,2026-03-23 15:09:28.278902
sydney,2026-03-27 01:00:00,16.1,25.0,0.1,2026-03-23 15:09:28.278902
sydney,2026-03-27 02:00:00,15.3,27.9,0.1,2026-03-23 15:09:28.278902
sydney,2026-03-27 03:00:00,14.8,28.4,0.1,2026-03-23 15:09:28.278902
sydney,2026-03-27 04:00:00,15.0,25.6,1.6,2026-03-23 15:09:28.278902
sydney,2026-03-27 05:00:00,15.4,20.9,1.6,2026-03-23 15:09:28.278902
sydney,2026-03-27 06:00:00,15.8,18.0,1.6,2026-03-23 15:09:28.278902
sydney,2026-03-27 07:00:00,16.2,18.2,0.0,2026-03-23 15:09:28.278902
sydney,2026-03-27 08:00:00,16.5,20.3,0.0,2026-03-23 15:09:28.278902
sydney,2026-03-27 09:00:00,16.5,21.9,0.0,2026-03-23 15:09:28.278902
sydney,2026-03-27 10:00:00,16.1,21.1,0.0,2026-03-23 15:09:28.278902
sydney,2026-03-27 11:00:00,15.4,19.4,0.0,2026-03-23 15:09:28.278902
sydney,2026-03-27 12:00:00,14.7,17.9,0.0,2026-03-23 15:09:28.278902
sydney,2026-03-27 13:00:00,14.1,16.6,0.0,2026-03-23 15:09:28.278902
sydney,2026-03-27 14:00:00,13.4,15.5,0.0,2026-03-23 15:09:28.278902
sydney,2026-03-27 15:00:00,12.8,14.4,0.0,2026-03-23 15:09:28.278902
sydney,2026-03-27 16:00:00,12.3,13.6,0.0,2026-03-23 15:09:28.278902
sydney,2026-03-27 17:00:00,12.0,13.1,0.0,2026-03-23 15:09:28.278902
sydney,2026-03-27 18:00:00,11.7,12.4,0.0,2026-03-23 15:09:28.278902
sydney,2026-03-27 19:00:00,11.5,11.1,0.0,2026-03-23 15:09:28.278902
sydney,2026-03-27 20:00:00,11.4,9.8,0.0,2026-03-23 15:09:28.278902
sydney,2026-03-27 21:00:00,12.1,9.4,0.0,2026-03-23 15:09:28.278902
sydney,2026-03-27 22:00:00,14.0,10.7,0.0,2026-03-23 15:09:28.278902
sydney,2026-03-27 23:00:00,16.6,14.1,0.0,2026-03-23 15:09:28.278902
sydney,2026-03-28 00:00:00,18.8,16.6,0.0,2026-03-23 15:09:28.278902
sydney,2026-03-28 01:00:00,20.2,17.4,0.0,2026-03-23 15:09:28.278902
sydney,2026-03-28 02:00:00,21.1,17.5,0.0,2026-03-23 15:09:28.278902
sydney,2026-03-28 03:00:00,21.7,17.8,0.0,2026-03-23 15:09:28.278902
sydney,2026-03-28 04:00:00,21.7,18.4,0.0,2026-03-23 15:09:28.278902
sydney,2026-03-28 05:00:00,21.4,19.1,0.0,2026-03-23 15:09:28.278902
sydney,2026-03-28 06:00:00,21.1,19.5,0.0,2026-03-23 15:09:28.278902
sydney,2026-03-28 07:00:00,20.6,10.7,0.0,2026-03-23 15:09:28.278902
sydney,2026-03-28 08:00:00,19.2,7.0,0.0,2026-03-23 15:09:28.278902
sydney,2026-03-28 09:00:00,17.9,4.0,0.0,2026-03-23 15:09:28.278902
sydney,2026-03-28 10:00:00,17.0,3.0,0.0,2026-03-23 15:09:28.278902
sydney,2026-03-28 11:00:00,16.2,3.1,0.0,2026-03-23 15:09:28.278902
sydney,2026-03-28 12:00:00,15.5,3.6,0.0,2026-03-23 15:09:28.278902
sydney,2026-03-28 13:00:00,14.8,3.9,0.0,2026-03-23 15:09:28.278902
sydney,2026-03-28 14:00:00,14.1,4.1,0.0,2026-03-23 15:09:28.278902
sydney,2026-03-28 15:00:00,13.6,4.4,0.0,2026-03-23 15:09:28.278902
sydney,2026-03-28 16:00:00,13.1,4.4,0.0,2026-03-23 15:09:28.278902
sydney,2026-03-28 17:00:00,12.7,4.0,0.0,2026-03-23 15:09:28.278902
sydney,2026-03-28 18:00:00,12.5,3.6,0.0,2026-03-23 15:09:28.278902
sydney,2026-03-28 19:00:00,12.1,3.6,0.0,2026-03-23 15:09:28.278902
sydney,2026-03-28 20:00:00,11.8,3.8,0.0,2026-03-23 15:09:28.278902
sydney,2026-03-28 21:00:00,12.4,3.7,0.0,2026-03-23 15:09:28.278902
sydney,2026-03-28 22:00:00,14.5,4.1,0.0,2026-03-23 15:09:28.278902
sydney,2026-03-28 23:00:00,17.6,7.4,0.0,2026-03-23 15:09:28.278902
sydney,2026-03-29 00:00:00,20.1,10.2,0.0,2026-03-23 15:09:28.278902
sydney,2026-03-29 01:00:00,21.6,11.2,0.0,2026-03-23 15:09:28.278902
sydney,2026-03-29 02:00:00,22.5,11.8,0.0,2026-03-23 15:09:28.278902
sydney,2026-03-29 03:00:00,23.0,12.4,0.0,2026-03-23 15:09:28.278902
sydney,2026-03-29 04:00:00,22.9,13.5,0.0,2026-03-23 15:09:28.278902
sydney,2026-03-29 05:00:00,22.5,14.9,0.0,2026-03-23 15:09:28.278902
sydney,2026-03-29 06:00:00,21.7,14.5,0.0,2026-03-23 15:09:28.278902
sydney,2026-03-29 07:00:00,20.7,11.8,0.0,2026-03-23 15:09:28.278902
sydney,2026-03-29 08:00:00,19.4,8.2,0.0,2026-03-23 15:09:28.278902
sydney,2026-03-29 09:00:00,18.3,4.6,0.0,2026-03-23 15:09:28.278902
sydney,2026-03-29 10:00:00,17.4,1.9,0.0,2026-03-23 15:09:28.278902
sydney,2026-03-29 11:00:00,16.6,2.3,0.0,2026-03-23 15:09:28.278902
sydney,2026-03-29 12:00:00,16.0,3.8,0.0,2026-03-23 15:09:28.278902
sydney,2026-03-29 13:00:00,15.7,3.9,0.0,2026-03-23 15:09:28.278902
sydney,2026-03-29 14:00:00,15.5,3.3,0.0,2026-03-23 15:09:28.278902
sydney,2026-03-29 15:00:00,15.2,3.1,0.0,2026-03-23 15:09:28.278902
sydney,2026-03-29 16:00:00,14.6,2.8,0.0,2026-03-23 15:09:28.278902
sydney,2026-03-29 17:00:00,13.9,2.8,0.0,2026-03-23 15:09:28.278902
sydney,2026-03-29 18:00:00,13.4,2.6,0.0,2026-03-23 15:09:28.278902
sydney,2026-03-29 19:00:00,13.0,2.4,0.0,2026-03-23 15:09:28.278902
sydney,2026-03-29 20:00:00,12.8,2.4,0.0,2026-03-23 15:09:28.278902
sydney,2026-03-29 21:00:00,13.4,2.1,0.0,2026-03-23 15:09:28.278902
sydney,2026-03-29 22:00:00,15.4,1.5,0.0,2026-03-23 15:09:28.278902
sydney,2026-03-29 23:00:00,18.2,1.1,0.0,2026-03-23 15:09:28.278902
tokyo,2026-03-23 00:00:00,8.5,2.0,0.2,2026-03-23 15:09:28.283396
tokyo,2026-03-23 01:00:00,9.6,1.4,0.0,2026-03-23 15:09:28.283396
tokyo,2026-03-23 02:00:00,10.6,1.3,0.1,2026-03-23 15:09:28.283396
tokyo,2026-03-23 03:00:00,12.0,2.5,0.0,2026-03-23 15:09:28.283396
tokyo,2026-03-23 04:00:00,13.6,2.1,0.0,2026-03-23 15:09:28.283396
tokyo,2026-03-23 05:00:00,14.8,2.5,0.0,2026-03-23 15:09:28.283396
tokyo,2026-03-23 06:00:00,14.6,1.1,0.0,2026-03-23 15:09:28.283396
tokyo,2026-03-23 07:00:00,14.9,2.3,0.0,2026-03-23 15:09:28.283396
tokyo,2026-03-23 08:00:00,14.4,2.6,0.0,2026-03-23 15:09:28.283396
tokyo,2026-03-23 09:00:00,12.8,3.1,0.0,2026-03-23 15:09:28.283396
tokyo,2026-03-23 10:00:00,11.2,3.3,0.0,2026-03-23 15:09:28.283396
tokyo,2026-03-23 11:00:00,10.4,4.2,0.0,2026-03-23 15:09:28.283396
tokyo,2026-03-23 12:00:00,10.2,4.9,0.0,2026-03-23 15:09:28.283396
tokyo,2026-03-23 13:00:00,10.3,7.0,0.0,2026-03-23 15:09:28.283396
tokyo,2026-03-23 14:00:00,9.8,6.4,0.0,2026-03-23 15:09:28.283396
tokyo,2026-03-23 15:00:00,9.5,7.3,0.0,2026-03-23 15:09:28.283396
tokyo,2026-03-23 16:00:00,9.2,7.9,0.0,2026-03-23 15:09:28.283396
tokyo,2026-03-23 17:00:00,8.6,7.3,0.0,2026-03-23 15:09:28.283396
tokyo,2026-03-23 18:00:00,8.1,7.8,0.0,2026-03-23 15:09:28.283396
tokyo,2026-03-23 19:00:00,7.8,7.9,0.0,2026-03-23 15:09:28.283396
tokyo,2026-03-23 20:00:00,7.4,6.3,0.0,2026-03-23 15:09:28.283396
tokyo,2026-03-23 21:00:00,6.8,4.8,0.0,2026-03-23 15:09:28.283396
tokyo,2026-03-23 22:00:00,7.5,5.1,0.0,2026-03-23 15:09:28.283396
tokyo,2026-03-23 23:00:00,9.1,6.5,0.0,2026-03-23 15:09:28.283396
tokyo,2026-03-24 00:00:00,10.7,7.2,0.0,2026-03-23 15:09:28.283396
tokyo,2026-03-24 01:00:00,12.0,7.0,0.0,2026-03-23 15:09:28.283396
tokyo,2026-03-24 02:00:00,13.1,5.8,0.0,2026-03-23 15:09:28.283396
tokyo,2026-03-24 03:00:00,14.1,4.1,0.0,2026-03-23 15:09:28.283396
tokyo,2026-03-24 04:00:00,15.0,2.9,0.0,2026-03-23 15:09:28.283396
tokyo,2026-03-24 05:00:00,15.5,4.1,0.0,2026-03-23 15:09:28.283396
tokyo,2026-03-24 06:00:00,15.4,5.9,0.0,2026-03-23 15:09:28.283396
tokyo,2026-03-24 07:00:00,15.0,5.6,0.0,2026-03-23 15:09:28.283396
tokyo,2026-03-24 08:00:00,14.3,5.2,0.0,2026-03-23 15:09:28.283396
tokyo,2026-03-24 09:00:00,12.6,6.2,0.0,2026-03-23 15:09:28.283396
tokyo,2026-03-24 10:00:00,11.5,4.7,0.0,2026-03-23 15:09:28.283396
tokyo,2026-03-24 11:00:00,10.9,5.1,0.0,2026-03-23 15:09:28.283396
tokyo,2026-03-24 12:00:00,10.4,4.8,0.0,2026-03-23 15:09:28.283396
tokyo,2026-03-24 13:00:00,10.1,3.4,0.0,2026-03-23 15:09:28.283396
tokyo,2026-03-24 14:00:00,9.7,2.5,0.0,2026-03-23 15:09:28.283396
tokyo,2026-03-24 15:00:00,9.4,2.6,0.0,2026-03-23 15:09:28.283396
tokyo,2026-03-24 16:00:00,9.2,2.0,0.0,2026-03-23 15:09:28.283396
tokyo,2026-03-24 17:00:00,8.9,2.2,0.0,2026-03-23 15:09:28.283396
tokyo,2026-03-24 18:00:00,8.7,3.1,0.0,2026-03-23 15:09:28.283396
tokyo,2026-03-24 19:00:00,8.3,3.0,0.0,2026-03-23 15:09:28.283396
tokyo,2026-03-24 20:00:00,8.0,3.1,0.0,2026-03-23 15:09:28.283396
tokyo,2026-03-24 21:00:00,7.6,3.1,0.0,2026-03-23 15:09:28.283396
tokyo,2026-03-24 22:00:00,7.9,3.3,0.0,2026-03-23 15:09:28.283396
tokyo,2026-03-24 23:00:00,8.9,3.7,0.0,2026-03-23 15:09:28.283396
tokyo,2026-03-25 00:00:00,10.1,3.4,0.0,2026-03-23 15:09:28.283396
tokyo,2026-03-25 01:00:00,11.1,2.2,0.0,2026-03-23 15:09:28.283396
tokyo,2026-03-25 02:00:00,12.5,1.9,0.0,2026-03-23 15:09:28.283396
tokyo,2026-03-25 03:00:00,13.9,2.4,0.0,2026-03-23 15:09:28.283396
tokyo,2026-03-25 04:00:00,15.2,5.6,0.0,2026-03-23 15:09:28.283396
tokyo,2026-03-25 05:00:00,15.3,6.9,0.0,2026-03-23 15:09:28.283396
tokyo,2026-03-25 06:00:00,15.1,7.0,0.0,2026-03-23 15:09:28.283396
tokyo,2026-03-25 07:00:00,14.3,6.9,0.0,2026-03-23 15:09:28.283396
tokyo,2026-03-25 08:00:00,13.4,5.9,0.0,2026-03-23 15:09:28.283396
tokyo,2026-03-25 09:00:00,12.7,4.7,0.0,2026-03-23 15:09:28.283396
tokyo,2026-03-25 10:00:00,12.3,3.9,0.0,2026-03-23 15:09:28.283396
tokyo,2026-03-25 11:00:00,11.9,3.4,0.0,2026-03-23 15:09:28.283396
tokyo,2026-03-25 12:00:00,11.4,3.4,0.1,2026-03-23 15:09:28.283396
tokyo,2026-03-25 13:00:00,11.0,3.1,0.2,2026-03-23 15:09:28.283396
tokyo,2026-03-25 14:00:00,10.7,2.3,0.2,2026-03-23 15:09:28.283396
tokyo,2026-03-25 15:00:00,10.6,2.5,0.2,2026-03-23 15:09:28.283396
tokyo,2026-03-25 16:00:00,10.5,2.5,0.4,2026-03-23 15:09:28.283396
tokyo,2026-03-25 17:00:00,10.2,2.6,1.0,2026-03-23 15:09:28.283396
tokyo,2026-03-25 18:00:00,9.9,2.7,1.1,2026-03-23 15:09:28.283396
tokyo,2026-03-25 19:00:00,9.9,2.7,1.7,2026-03-23 15:09:28.283396
tokyo,2026-03-25 20:00:00,9.7,2.3,1.7,2026-03-23 15:09:28.283396
tokyo,2026-03-25 21:00:00,9.6,2.7,1.1,2026-03-23 15:09:28.283396
tokyo,2026-03-25 22:00:00,9.6,2.1,0.8,2026-03-23 15:09:28.283396
tokyo,2026-03-25 23:00:00,9.9,2.1,0.5,2026-03-23 15:09:28.283396
tokyo,2026-03-26 00:00:00,10.3,2.1,0.6,2026-03-23 15:09:28.283396
tokyo,2026-03-26 01:00:00,10.9,1.5,0.5,2026-03-23 15:09:28.283396
tokyo,2026-03-26 02:00:00,11.5,2.9,0.3,2026-03-23 15:09:28.283396
tokyo,2026-03-26 03:00:00,11.8,2.5,0.1,2026-03-23 15:09:28.283396
tokyo,2026-03-26 04:00:00,12.5,2.9,0.0,2026-03-23 15:09:28.283396
tokyo,2026-03-26 05:00:00,12.9,3.0,0.1,2026-03-23 15:09:28.283396
tokyo,2026-03-26 06:00:00,13.5,4.9,0.2,2026-03-23 15:09:28.283396
tokyo,2026-03-26 07:00:00,13.9,5.5,0.1,2026-03-23 15:09:28.283396
tokyo,2026-03-26 08:00:00,13.4,5.8,0.0,2026-03-23 15:09:28.283396
tokyo,2026-03-26 09:00:00,12.8,4.0,0.0,2026-03-23 15:09:28.283396
tokyo,2026-03-26 10:00:00,12.1,2.0,0.0,2026-03-23 15:09:28.283396
tokyo,2026-03-26 11:00:00,11.7,1.1,0.0,2026-03-23 15:09:28.283396
tokyo,2026-03-26 12:00:00,11.4,0.7,0.0,2026-03-23 15:09:28.283396
tokyo,2026-03-26 13:00:00,10.8,1.5,0.0,2026-03-23 15:09:28.283396
tokyo,2026-03-26 14:00:00,10.1,2.6,0.0,2026-03-23 15:09:28.283396
tokyo,2026-03-26 15:00:00,9.5,3.2,0.0,2026-03-23 15:09:28.283396
tokyo,2026-03-26 16:00:00,9.0,3.5,0.0,2026-03-23 15:09:28.283396
tokyo,2026-03-26 17:00:00,8.5,3.5,0.0,2026-03-23 15:09:28.283396
tokyo,2026-03-26 18:00:00,8.1,3.5,0.0,2026-03-23 15:09:28.283396
tokyo,2026-03-26 19:00:00,7.4,3.8,0.0,2026-03-23 15:09:28.283396
tokyo,2026-03-26 20:00:00,6.7,3.6,0.0,2026-03-23 15:09:28.283396
tokyo,2026-03-26 21:00:00,6.9,3.2,0.0,2026-03-23 15:09:28.283396
tokyo,2026-03-26 22:00:00,8.7,1.4,0.0,2026-03-23 15:09:28.283396
tokyo,2026-03-26 23:00:00,11.3,0.7,0.0,2026-03-23 15:09:28.283396
tokyo,2026-03-27 00:00:00,13.7,2.4,0.0,2026-03-23 15:09:28.283396
tokyo,2026-03-27 01:00:00,15.3,5.3,0.0,2026-03-23 15:09:28.283396
tokyo,2026-03-27 02:00:00,16.6,9.9,0.0,2026-03-23 15:09:28.283396
tokyo,2026-03-27 03:00:00,17.5,14.1,0.0,2026-03-23 15:09:28.283396
tokyo,2026-03-27 04:00:00,18.0,16.6,0.0,2026-03-23 15:09:28.283396
tokyo,2026-03-27 05:00:00,18.1,18.4,0.0,2026-03-23 15:09:28.283396
tokyo,2026-03-27 06:00:00,17.8,18.8,0.0,2026-03-23 15:09:28.283396
tokyo,2026-03-27 07:00:00,17.0,17.7,0.0,2026-03-23 15:09:28.283396
tokyo,2026-03-27 08:00:00,15.7,15.5,0.0,2026-03-23 15:09:28.283396
tokyo,2026-03-27 09:00:00,14.7,13.3,0.0,2026-03-23 15:09:28.283396
tokyo,2026-03-27 10:00:00,14.1,11.5,0.0,2026-03-23 15:09:28.283396
tokyo,2026-03-27 11:00:00,13.6,10.1,0.0,2026-03-23 15:09:28.283396
tokyo,2026-03-27 12:00:00,13.3,8.6,0.0,2026-03-23 15:09:28.283396
tokyo,2026-03-27 13:00:00,13.1,7.2,0.0,2026-03-23 15:09:28.283396
tokyo,2026-03-27 14:00:00,12.9,6.1,0.0,2026-03-23 15:09:28.283396
tokyo,2026-03-27 15:00:00,12.8,4.7,0.0,2026-03-23 15:09:28.283396
tokyo,2026-03-27 16:00:00,12.5,3.0,0.0,2026-03-23 15:09:28.283396
tokyo,2026-03-27 17:00:00,12.3,1.3,0.0,2026-03-23 15:09:28.283396
tokyo,2026-03-27 18:00:00,12.0,1.8,0.0,2026-03-23 15:09:28.283396
tokyo,2026-03-27 19:00:00,11.4,2.5,0.0,2026-03-23 15:09:28.283396
tokyo,2026-03-27 20:00:00,10.9,3.1,0.0,2026-03-23 15:09:28.283396
tokyo,2026-03-27 21:00:00,10.7,3.4,0.0,2026-03-23 15:09:28.283396
tokyo,2026-03-27 22:00:00,11.4,4.2,0.0,2026-03-23 15:09:28.283396
tokyo,2026-03-27 23:00:00,12.5,4.8,0.0,2026-03-23 15:09:28.283396
tokyo,2026-03-28 00:00:00,13.5,5.8,0.0,2026-03-23 15:09:28.283396
tokyo,2026-03-28 01:00:00,14.2,6.5,0.1,2026-03-23 15:09:28.283396
tokyo,2026-03-28 02:00:00,14.8,7.2,0.1,2026-03-23 15:09:28.283396
tokyo,2026-03-28 03:00:00,15.2,7.6,0.1,2026-03-23 15:09:28.283396
tokyo,2026-03-28 04:00:00,15.1,7.2,0.3,2026-03-23 15:09:28.283396
tokyo,2026-03-28 05:00:00,14.8,6.8,0.3,2026-03-23 15:09:28.283396
tokyo,2026-03-28 06:00:00,14.6,6.5,0.3,2026-03-23 15:09:28.283396
tokyo,2026-03-28 07:00:00,18.7,12.2,0.0,2026-03-23 15:09:28.283396
tokyo,2026-03-28 08:00:00,17.4,11.9,0.0,2026-03-23 15:09:28.283396
tokyo,2026-03-28 09:00:00,16.2,11.2,0.0,2026-03-23 15:09:28.283396
tokyo,2026-03-28 10:00:00,15.3,9.4,0.0,2026-03-23 15:09:28.283396
tokyo,2026-03-28 11:00:00,14.5,6.9,0.0,2026-03-23 15:09:28.283396
tokyo,2026-03-28 12:00:00,13.8,4.7,0.0,2026-03-23 15:09:28.283396
tokyo,2026-03-28 13:00:00,13.3,2.5,0.4,2026-03-23 15:09:28.283396
tokyo,2026-03-28 14:00:00,12.8,1.1,0.4,2026-03-23 15:09:28.283396
tokyo,2026-03-28 15:00:00,12.5,2.3,0.4,2026-03-23 15:09:28.283396
tokyo,2026-03-28 16:00:00,12.4,3.1,0.0,2026-03-23 15:09:28.283396
tokyo,2026-03-28 17:00:00,12.4,3.1,0.0,2026-03-23 15:09:28.283396
tokyo,2026-03-28 18:00:00,12.4,3.1,0.0,2026-03-23 15:09:28.283396
tokyo,2026-03-28 19:00:00,12.2,3.1,0.0,2026-03-23 15:09:28.283396
tokyo,2026-03-28 20:00:00,12.0,3.1,0.0,2026-03-23 15:09:28.283396
tokyo,2026-03-28 21:00:00,12.1,2.9,0.0,2026-03-23 15:09:28.283396
tokyo,2026-03-28 22:00:00,12.8,4.0,0.0,2026-03-23 15:09:28.283396
tokyo,2026-03-28 23:00:00,13.9,5.6,0.0,2026-03-23 15:09:28.283396
tokyo,2026-03-29 00:00:00,14.9,7.2,0.0,2026-03-23 15:09:28.283396
tokyo,2026-03-29 01:00:00,15.7,8.2,0.1,2026-03-23 15:09:28.283396
tokyo,2026-03-29 02:00:00,16.4,9.4,0.1,2026-03-23 15:09:28.283396
tokyo,2026-03-29 03:00:00,17.0,10.2,0.1,2026-03-23 15:09:28.283396
tokyo,2026-03-29 04:00:00,17.4,11.2,0.0,2026-03-23 15:09:28.283396
tokyo,2026-03-29 05:00:00,17.6,12.5,0.0,2026-03-23 15:09:28.283396
tokyo,2026-03-29 06:00:00,17.5,13.7,0.0,2026-03-23 15:09:28.283396
tokyo,2026-03-29 07:00:00,17.0,13.6,0.0,2026-03-23 15:09:28.283396
tokyo,2026-03-29 08:00:00,16.2,12.5,0.0,2026-03-23 15:09:28.283396
tokyo,2026-03-29 09:00:00,15.4,11.5,0.0,2026-03-23 15:09:28.283396
tokyo,2026-03-29 10:00:00,14.8,10.7,0.0,2026-03-23 15:09:28.283396
tokyo,2026-03-29 11:00:00,14.3,9.7,0.0,2026-03-23 15:09:28.283396
tokyo,2026-03-29 12:00:00,13.8,8.7,0.0,2026-03-23 15:09:28.283396
tokyo,2026-03-29 13:00:00,13.4,7.3,0.0,2026-03-23 15:09:28.283396
tokyo,2026-03-29 14:00:00,13.2,5.8,0.0,2026-03-23 15:09:28.283396
tokyo,2026-03-29 15:00:00,12.9,4.4,0.0,2026-03-23 15:09:28.283396
tokyo,2026-03-29 16:00:00,12.7,3.3,0.0,2026-03-23 15:09:28.283396
tokyo,2026-03-29 17:00:00,12.5,2.3,0.0,2026-03-23 15:09:28.283396
tokyo,2026-03-29 18:00:00,12.3,2.3,0.0,2026-03-23 15:09:28.283396
tokyo,2026-03-29 19:00:00,12.0,2.9,0.0,2026-03-23 15:09:28.283396
tokyo,2026-03-29 20:00:00,11.8,3.3,0.0,2026-03-23 15:09:28.283396
tokyo,2026-03-29 21:00:00,11.8,3.3,0.0,2026-03-23 15:09:28.283396
tokyo,2026-03-29 22:00:00,12.4,2.6,0.0,2026-03-23 15:09:28.283396
tokyo,2026-03-29 23:00:00,13.3,1.8,0.0,2026-03-23 15:09:28.283396
